73,1336,1376,1205,1333,1421,1400,1330,1340,1343,1324,1357,1449,1461,1455,1491,1538,1568,1586,1656,1623,1642,1625,1640,1669,1677,1631,1729,1676,1664,1632,1671,1627,1671,1789,1675,16230,3870,3923,4091,4091,4091,4090,3601,3659,4089,4091,4091,4089,3399,3456,4089,4091,4089,4033,3645,3699,4091,4091,4091,4089,3675,3725,4090,4091,4091,4089,2037,2058,2572,2541,2487
2545,3881,3933,4090,4090,4091,4091,3623,3681,4091,4091,4089,4089,3415,3473,4091,4091,4090,4051,3663,3714,4091,4091,4091,4089,3688,3737,4091,4091,4091,4091,2143,2167,2671,2621,2560
2551,3889,3943,4091,4091,4091,4091,3623,3679,4089,4091,4089,4090,3417,3472,4091,4091,4090,4055,3667,3719,4090,4091,4091,4091,3695,3753,4091,4089,4091,4091,2155,2174,2677,2625,2558
2551,3897,3949,4091,4091,4091,4091,3631,3689,4091,4091,4091,4089,3423,3479,4091,4091,4091,4057,3671,3723,4091,4091,4089,4091,3703,3753,4091,4091,4091,4089,2153,2168,2677,2624,2559
2554,3899,3949,4091,4091,4091,4089,3631,3687,4089,4091,4091,4089,3423,3477,4090,4091,4089,4059,3675,3727,4091,4091,4091,4089,3701,3755,4091,4091,4091,4091,2167,2187,2687,2638,2571
2556,3899,3951,4091,4091,4089,4089,3633,3687,4091,4091,4091,4089,3427,3483,4091,4089,4091,4061,3673,3727,4091,4089,4091,4090,3707,3759,4089,4091,4091,4090,2167,2185,2689,2638,2570
091,3631,3689,4091,4091,4091,4089,3423,3479,4091,4091,4091,4057,3671,3723,4091,4091,4089,4091,3703,3753,4091,4091,4091,4089,2153,2168,2677,2624,2559
2554,3899,3949,4091,4091,4091,4089,3631,3687,4089,4091,4091,4089,3423,3477,4090,4091,4089,4059,3675,3727,4091,4091,4091,4,461,150,415,290,455,282,160,158,491,351,590,946,512,441,833,476,568,841,455,494
498,58,171,675,316,350,241,144,254,654,957,424,768,799,745,570,481,163,417,293,475,289,159,151,488,314,569,938,491,427,811,455,489,743,420,462
429,38,137,637,274,321,224,117,233,644,963,409,757,728,671,515,409,172,388,242,457,255,138,155,447,229,485,868,449,412,730,350,388,649,357,507
434,41,143,629,304,331,234,116,238,656,934,389,733,721,770,551,443,177,385,221,450,259,149,159,445,237,524,879,493,434,744,415,447,664,425,548
437,40,155,661,249,325,223,95,251,648,929,393,763,691,791,548,413,162,391,219,498,276,154,147,435,245,571,908,487,413,737,390,499,698,435,501
441,43,172,675,233,334,223,96,244,615,894,405,725,727,777,578,398,169,392,224,512,272,152,140,427,294,605,918,505,413,742,342,478,703,453,510
449,44,175,681,278,367,223,95,253,644,906,422,741,709,795,585,455,180,412,224,509,271,149,162,428,269,602,893,503,457,764,357,462,706,435,534
454,45,167,698,285,351,219,99,263,666,953,436,762,737,832,597,465,175,408,232,489,276,145,157,412,261,623,931,516,452,731,389,508,730,457,547
449,44,156,665,293,377,217,93,250,657,962,430,760,736,736,600,470,193,398,229,497,275,147,167,425,303,636,931,509,462,736,399,499,748,465,540
445,46,178,702,331,380,231,86,247,659,968,445,757,751,742,600,448,195,400,239,500,280,163,162,437,290,637,937,539,447,716,390,531,761,478,554
452,52,181,724,305,395,227,85,225,644,936,435,763,756,718,570,448,164,388,242,507,281,163,149,426,327,631,950,545,437,703,374,507,711,470,519
455,53,185,693,290,378,231,89,248,653,926,447,760,776,719,574,407,160,372,239,516,268,157,154,427,318,635,950,546,445,726,422,497,736,495,522
469,54,195,708,330,375,229,96,267,686,961,455,775,788,763,600,417,180,387,251,523,292,154,164,437,345,639,941,560,452,745,465,571,746,515,542
481,59,208,726,373,371,230,101,277,691,976,451,805,787,759,625,469,191,415,261,523,303,164,169,443,353,667,971,567,465,742,479,605,760,531,567
479,55,179,689,353,368,228,105,271,675,980,455,806,769,751,615,470,193,402,265,505,289,182,165,441,322,667,959,576,469,718,467,627,783,535,561
5,56,160,669,283,564,285,125,199,563,667,569,991,781,496,322,230,216,501,241,382,265,105,140,637,410,549,719,441,483,711,557,481,626,409,497
547,60,158,675,392,603,289,145,249,631,781,619,1009,873,526,369,378,222,539,328,554,328,153,186,683,429,658,779,523,536,682,571,539,674,463,559
555,62,168,662,338,596,286,146,232,623,777,599,970,847,602,417,397,231,541,320,489,323,137,179,664,424,653,771,476,497,707,573,572,651,433,561
575,65,168,686,323,598,281,146,226,650,822,579,977,873,529,374,337,241,542,300,496,326,130,185,638,415,623,822,527,518,715,579,574,695,441,594
588,75,189,689,350,615,297,163,253,691,862,609,1012,877,598,410,385,252,558,331,560,343,144,203,661,453,661,845,539,551,715,571,621,741,449,600
593,77,197,711,360,626,301,167,271,707,888,634,1013,874,617,450,413,265,556,328,562,356,147,207,665,441,687,845,557,555,730,613,646,744,456,569
599,77,205,703,375,622,303,168,266,695,918,631,1017,876,616,482,420,274,561,327,567,353,143,211,666,473,703,847,552,562,749,591,656,781,451,586
603,78,190,707,377,623,297,172,262,680,889,645,997,859,650,507,426,277,556,322,578,358,162,199,664,455,703,854,565,591,744,609,666,803,480,596
605,88,201,701,372,622,298,187,280,696,900,657,1025,867,669,525,474,286,577,322,588,362,171,183,689,508,733,889,575,567,769,650,702,796,479,581
601,88,211,722,383,593,296,177,273,710,911,614,1006,854,635,544,461,267,557,311,522,366,171,181,669,483,672,865,546,525,744,625,694,793,502,587
609,85,211,722,405,628,304,172,270,734,905,622,1019,861,665,547,468,277,583,339,574,380,190,208,684,500,715,895,565,553,771,638,734,817,504,630
619,93,230,748,433,661,329,181,291,777,925,651,1057,884,706,598,493,297,587,356,605,380,192,217,693,494,747,934,603,581,783,620,717,827,496,631
621,92,212,747,442,669,329,186,289,755,937,660,1052,880,675,551,464,296,575,353,592,367,187,211,680,488,749,929,595,590,787,640,679,825,535,630
616,91,219,751,440,665,320,181,291,755,921,668,1037,881,670,558,468,305,567,352,607,369,178,199,666,472,744,951,597,594,792,638,683,847,527,658
617,94,232,762,452,628,320,189,309,782,939,677,1069,909,685,587,486,298,580,366,633,380,191,215,695,493,761,953,620,585,788,623,728,845,514,657
622,99,232,770,422,631,313,194,295,772,935,639,1055,921,687,591,471,298,585,392,641,372,194,216,683,509,741,921,607,580,763,651,740,839,521,659
635,106,243,769,435,674,330,203,307,785,957,655,1092,933,709,629,484,324,597,391,653,389,201,233,703,544,782,956,625,607,781,664,781,862,522,673
633,105,262,799,461,669,344,201,317,786,971,672,1076,903,740,642,515,321,593,390,669,381,196,220,702,529,799,973,610,613,776,665,759,837,512,666
609,89,214,742,455,678,311,191,308,764,952,659,1064,913,698,577,502,300,562,358,623,374,197,211,674,489,778,973,625,602,763,644,670,838,549,664
619,99,250,813,479,669,326,202,318,789,957,710,1074,919,706,590,502,315,581,378,626,393,201,223,691,516,813,995,654,615,789,641,740,873,557,687
627,105,251,789,457,668,334,205,328,798,961,679,1095,953,719,607,515,318,593,387,660,392,204,224,702,549,826,975,663,608,795,645,746,825,563,697
621,110,261,763,463,670,339,210,341,823,984,692,1115,980,777,639,528,324,616,398,683,411,216,237,719,574,851,1031,693,620,803,657,782,853,566,690
607,108,257,809,481,673,332,205,336,816,977,692,1108,955,788,623,537,315,605,382,668,395,221,224,708,534,822,1028,662,609,801,647,738,841,529,654
558,103,240,809,487,669,331,200,317,806,957,701,1062,940,725,604,515,308,582,377,640,402,198,228,696,515,797,1045,675,631,798,671,741,879,567,698
641,117,269,823,502,681,343,211,335,838,957,707,1084,950,759,622,522,317,605,400,678,408,209,217,711,539,805,1015,680,633,813,698,765,890,581,690
637,111,255,778,465,673,332,204,330,828,902,675,1091,947,765,642,501,337,612,405,667,413,195,225,703,542,799,1024,659,615,826,682,751,846,537,670
622,107,248,779,453,676,322,191,305,788,948,657,1057,959,718,618,526,317,601,390,633,406,215,227,703,524,790,1024,673,620,818,670,739,847,556,674
626,116,272,832,480,665,353,209,327,834,980,669,1101,961,751,658,539,337,617,400,680,414,216,237,714,556,821,1059,689,609,813,699,783,877,563,699
625,117,273,836,467,648,333,207,326,831,979,679,1092,968,791,618,517,333,618,406,649,391,195,226,721,551,813,1047,669,621,814,701,757,871,533,673
623,104,237,817,481,655,330,194,322,827,987,670,1072,962,759,631,527,328,589,410,662,407,205,215,711,527,806,1075,702,617,807,664,769,901,560,688
638,116,267,843,499,652,351,207,335,833,930,707,1105,945,786,649,551,329,605,416,661,407,218,233,721,546,822,1065,699,607,808,678,796,887,587,686
646,115,265,813,473,680,349,206,333,833,981,682,1099,986,792,642,555,336,626,419,678,418,224,230,722,583,814,1095,716,615,825,706,803,918,606,723
662,126,288,855,481,659,348,215,351,849,965,691,1115,991,812,669,562,348,630,429,715,421,219,235,737,591,860,1112,698,636,827,717,862,938,567,701
653,128,290,897,492,690,360,221,357,869,987,716,1127,1018,840,679,589,353,638,436,711,435,240,244,743,582,865,1145,739,657,851,719,846,941,589,739
656,110,272,880,479,679,341,205,328,837,992,696,1087,985,798,653,562,342,605,410,688,416,221,234,723,547,836,1115,722,645,835,675,775,917,583,717
419,678,418,224,230,722,583,814,1095,716,615,825,706,803,918,606,723
662,126,288,855,481,659,348,215,351,849,965,691,1115,991,812,669,562,348,630,429,715,421,219,235,737,591,860,1112,698,636,827,717,862,938,567,701
653,128,290,897,492,690,360,221,357,869,987,716,1127,1018,840,679,589,353,638,436,711,435,240,244,743,582,865,1145,739,657,851,719,846,941,589,739
656,110,272,880,479,679,341,205,328,8322:01:00,3995,3593,3365,3277,3151,3031,3058,3078,2987,2979,3025,3225,3268,3171,3062,2898,2930,2845,2873,2822,3013,2953,3029,3001,3149,3001,2925,3094,3291,3246,3256,3511,3523,3503,3205,3414,3463,3356,3307,3385,3555,3589,3641,3718,2686,3651,3396,3699,3573,3481,3581,3445,3486,3410,3597,3474,3605,3637,3157,3027,2989,2881,2781,2817,2823,2835,2757,2824,2957,2899,2858,2803,2753,2673,2628,2603,2563,2737,2740,2814,2788,2875,2779,2707,2866,2961,2932,2929,3159,3155,3139,2931,3115,3107,2972,3042,3055,3285,3336,3307,3323,2447,3311,3133,3425,3299,3191,3162,3085,3115,3138,3195,3119,3205,3507,3015,2888,2789,2713,2628,2645,2635,2614,2593,2608,2709,2763,2685,2593,2579,2559,2465,2457,2438,2515,2540,2628,2560,2638,2642,2503,2596,2897,2724,2889,3111,3148,3141,2828,2907,2898,2767,2789,2864,3039,2955,3097,3135,2318,2995,2859,3086,2955,2931,2918,2886,2863,2851,2949,2909,2923,3441,3089,2973,2901,2797,2684,2695,2721,2783,2725,2704,2946,2929,2850,2723,2576,2617,2511,2547,2513,2685,2623,2718,2621,2725,2663,2545,2670,2950,2779,2991,3201,3251,3294,2819,2945,3007,2865,2811,3030,3139,3022,3151,3167,2361,3087,2953,3233,3093,3011,3064,2985,3051,2995,3105,2975,3020,3285,3026,2945,2803,2727,2659,2691,2706,2659,2667,2669,2809,2863,2712,2755,2599,2687,2511,2521,2511,2665,2728,2629,2643,2783,2775,2554,2673,2866,2822,2863,3135,3049,3071,2822,2919,2915,2824,2889,3031,3101,3015,3080,3173,2391,3116,2937,3161,3085,2965,2989,2956,2983,3009,3065,2933,2999,1509,1510,1472,1375,1360,1336,1341,1346,1337,1336,1348,1375,1425,1373,1342,1314,1335,1311,1301,1269,1318,1313,1344,1321,1369,1344,1345,1352,1469,1448,1341,1463,1458,1435,1404,1440,1435,1456,1466,1479,1534,1498,1537,1534,1267,1539,1516,1544,1521,1515,1501,1485,1481,1489,1519,1495,1506,3075,2793,2659,2527,2494,2438,2441,2611,2455,2435,2460,2584,2574,2490,2450,2358,2383,2331,2295,2275,2399,2392,2421,2435,2495,2434,2333,2426,2698,2591,2611,2825,2869,2793,2577,2707,2738,2624,2572,2715,2809,2824,2797,2813,2163,2830,2695,2938,2802,2729,2748,2699,2728,2794,2782,2733,2743,2900,2822,2537,2435,2389,2349,2334,2342,2341,2325,2326,2451,2435,2395,2295,2225,2227,2239,2176,2163,2258,2229,2283,2280,2347,2325,2220,2294,2531,2427,2461,2681,2684,2670,2447,2575,2565,2437,2550,2596,2605,2592,2727,2680,2054,2708,2588,2751,2638,2585,2591,2599,2633,2538,2621,2573,2633,3292,2747,2597,2555,2504,2417,2454,2479,2475,2452,2452,2557,2592,2499,2427,2364,2382,2311,2339,2281,2389,2366,2417,2405,2459,2427,2345,2417,2573,2513,2501,2675,2671,2683,2609,2640,2675,2573,2621,2706,2749,2737,2770,2872,2209,2792,2721,2891,2803,2761,2735,2787,2807,2815,2821,2702,2737,2527,2395,2281,2203,2245,2113,2189,2147,2121,2163,2125,2227,2257,2155,2125,2058,2082,2026,2019,1998,2072,2061,2103,2101,2154,2117,2043,2113,2201,2176,2133,2328,2291,2271,2248,2335,2346,2291,2275,2301,2429,2346,2483,2461,1929,2429,2315,2464,2388,2349,2399,2336,2344,2367,2406,2317,2350,1672,1602,1566,1551,1531,1491,1489,1504,1463,1519,1519,1545,1555,1530,1503,1459,1457,1445,1441,1420,1465,1463,1478,1465,1521,1499,1454,1496,1561,1545,1485,1607,1586,1598,1564,1595,1635,1599,1617,1667,1677,1687,1692,1706,1394,1682,1659,1700,1689,1641,1643,1623,1634,1618,1666,1632,1663,1920,1827,1776,1714,1698,1659,1683,1803,1768,1771,1716,1816,1772,1727,1730,1660,1662,1617,1612,1590,1654,1649,1698,1682,1713,1687,1637,1705,1786,1733,1665,1797,1792,1799,1765,1815,1853,1783,1799,1868,1919,1891,1968,1967,1573,1936,1853,1949,1915,1910,1906,1884,1885,1879,1943,1876,1912,1848,1783,1785,1727,1689,1647,1664,1693,1705,1725,1746,1771,1762,1706,1719,1693,1687,1622,1627,1605,1674,1653,1690,1677,1717,1698,1645,1703,1767,1751,1665,1791,1785,1794,1787,1788,1822,1876,1771,1829,1861,1865,1922,1909,1592,1913,1854,1953,1933,1907,1891,1860,1872,1884,1931,1863,1892,1907,1790,1736,1719,1722,1646,1703,1693,1712,1677,1711,1781,1788,1699,1673,1626,1630,1591,1605,1573,1650,1623,1657,1651,1690,1679,1609,1683,1739,1723,1646,1775,1779,1778,1725,1773,1812,1746,1759,1803,1904,1875,1901,1919,1537,1875,1817,1900,1888,1907,1867,1871,1844,1836,1905,1825,1870,2732,2525,2417,2367,2320,2263,2280,2306,2323,2339,2305,2705,2405,2357,2264,2217,2200,2155,2145,2129,2221,2242,2239,2243,2315,2299,2225,2288,2361,2323,2275,2445,2429,2429,2343,2411,2462,2370,2399,2595,2551,2655,2702,2662,2045,2592,2503,2642,2633,2519,2588,2656,2546,2507,2607,2463,2537,2579,2467,2261,2241,2205,2096,2163,2152,2146,2099,2159,2228,2268,2262,2107,2033,2029,1995,1991,1967,2048,2069,2101,2068,2123,2119,2015,2101,2206,2184,2083,2239,2237,2222,2149,2228,2282,2173,2216,2306,2347,2313,2411,2443,1886,2367,2317,2473,2401,2315,2379,2491,2394,2310,2367,2288,2355,1782,1730,1711,1638,1639,1598,1614,1625,1610,1605,1620,1674,1669,1651,1628,1595,1581,1563,1556,1554,1596,1589,1608,1611,1648,1661,1602,1647,1715,1673,1595,1708,1708,1714,1701,1762,1763,1750,1752,1771,1817,1831,1901,1890,1539,1846,1801,1916,1876,1850,1835,1810,1815,1791,1867,1785,1843,2435,2283,2209,2134,2109,2103,2059,2081,2045,2060,2063,2174,2115,2143,2043,1993,1983,1953,1964,1947,2008,1997,2043,2027,2064,2081,1963,2041,2146,2100,2029,2199,2185,2171,2146,2181,2198,2166,2196,2239,2295,2261,2471,2326,1853,2335,2219,2373,2343,2266,2283,2240,2273,2249,2291,2246,2353,1818,1701,1667,1642,1658,1582,1602,1600,1587,1590,1629,1705,1673,1631,1599,1556,1551,1538,1524,1509,1573,1565,1579,1579,1613,1599,1543,1587,1653,1623,1539,1659,1649,1655,1641,1689,1713,1677,1657,1708,1747,1753,1816,1845,1477,1789,1731,1806,1866,1797,1763,1750,1761,1766,1794,1735,1829,1837,1761,1719,1689,1680,1641,1674,1662,1663,1662,1683,1788,1795,1740,1683,1639,1627,1615,1619,1593,1645,1631,1661,1659,1701,1700,1622,1673,1725,1709,1624,1736,1733,1740,1714,1750,1757,1733,1748,1813,1870,1854,1870,1897,1563,1886,1835,1891,1905,1835,1853,1838,1839,1808,1897,1841,1896,1894,1802,1758,1698,1679,1668,1686,1712,1665,1669,1664,1731,1731,1699,1686,1636,1626,1595,1597,1587,1649,1628,1661,1665,1701,1680,1636,1687,1741,1713,1639,1753,1745,1748,1725,1765,1801,1772,1745,1825,1859,1855,1883,1901,1537,1923,1871,1977,1938,1882,1921,1887,1879,1867,1903,1851,1910,2831,2645,2560,2522,2473,2389,2466,2421,2371,2407,2401,2509,2529,2529,2399,2344,2331,2254,2254,2226,2322,2317,2345,2341,2415,2389,2277,2361,2467,2427,2396,2605,2573,2566,2475,2606,2613,2577,2525,2581,2702,2737,2757,2912,2143,2887,2691,2861,2747,2702,2702,2657,2730,2687,2767,2659,2731,2428,2220,2145,2112,2120,2073,2058,2056,2043,2034,2047,2118,2107,2072,2049,1984,1971,1941,1942,1927,1997,1980,2015,2011,2085,2047,1975,2032,2131,2111,2035,2183,2174,2185,2122,2219,2236,2143,2169,2219,2285,2395,2357,2365,1879,2348,2269,2403,2339,2279,2287,2259,2285,2281,2354,2276,2330,3282,3090,2923,2827,2835,2751,2750,2749,2718,2729,2716,2845,2838,2780,2705,2691,2660,2590,2577,2575,2652,2622,2703,2715,2773,2732,2602,2694,2811,2772,2745,2929,2923,2922,2791,2909,2950,2855,2879,2970,3075,3082,3198,3193,2458,3167,3025,3271,3124,2983,3053,3069,3077,3001,3134,3021,3107,2199,2063,2027,2007,1965,1924,1941,1954,1945,1944,1932,1991,1979,1987,1949,1899,1877,1852,1879,1852,1925,1903,1939,1941,1970,1969,1897,1937,2034,1986,1909,2053,2047,2027,1988,2033,2050,2017,2024,2107,2179,2211,2200,2193,1805,2209,2136,2214,2256,2207,2197,2157,2148,2155,2212,2144,2274,3655,3439,3363,3235,3181,3111,3117,3164,3122,3103,3112,3227,3213,3153,3069,2973,2979,2908,2915,2890,3009,2981,3061,3039,3141,3187,2956,3045,3195,3186,3129,3349,3317,3307,3149,3353,3358,3193,3201,3403,3453,3511,3625,3648,2749,3683,3537,3633,3765,3611,3713,3473,3421,3439,3591,3423,3522,3541,3301,3193,3080,3038,2974,3015,3005,3021,3003,2958,3090,3058,3078,2963,2879,2855,2793,2781,2756,2869,2846,2933,2923,3060,2981,2827,2935,3081,3016,3011,3239,3211,3198,3067,3189,3217,3069,3108,3163,3362,3333,3449,3573,2625,3451,3477,3548,3553,3439,3411,3347,3347,3339,3434,3363,3467,2819,2651,2583,2475,2459,2408,2427,2481,2434,2394,2399,2503,2480,2435,2377,2329,2300,2256,2288,2239,2340,2311,2354,2357,2427,2401,2331,2449,2487,2451,2385,2575,2557,2547,2460,2569,2565,2467,2488,2617,2675,2699,2849,2903,2159,2801,2799,2891,2829,2783,2815,2750,2719,2848,2836,2733,2813,3965,3671,3635,3439,3465,3353,3371,3441,3387,3375,3329,3561,3469,3393,3285,3170,3179,3095,3133,3094,3202,3184,3265,3345,3408,3320,3180,3261,3400,3394,3398,3653,3637,3620,3397,3586,3596,3408,3471,3591,3741,3841,3879,3932,2889,3971,3675,4017,3935,3785,3841,3675,3723,3709,3909,3677,3797,4091,4083,3955,3909,3891,3687,3793,3765,3691,3711,3801,3829,3817,3685,3591,3485,3455,3403,3419,3352,3509,3493,3626,3589,3747,3686,3457,3627,3793,3753,3757,4029,4021,3993,3709,3959,3971,3738,3806,3900,4089,4089,4091,4091,3165,4090,4088,4090,4091,4089,4090,4089,4089,4025,4090,4089,4091,4091,4089,4052,3875,3788,3763,3709,3629,3640,3609,3633,3735,3683,3657,3508,3467,3457,3389,3351,3314,3429,3415,3537,3509,3576,3626,3382,3593,3720,3665,3677,3953,3936,3899,3673,3882,3912,3669,3679,3856,3967,3989,4091,4091,3089,4090,3983,4091,4090,4045,4057,4021,3989,3957,4066,3959,4045,4091,4037,3781,3631,3559,3513,3518,3691,3435,3453,3441,3659,3648,3497,3469,3267,3295,3232,3211,3145,3295,3250,3421,3366,3465,3410,3233,3416,3544,3489,3551,3853,3791,3777,3565,3706,3751,3539,3577,3694,3821,3837,3925,4002,2989,3950,3755,3923,3847,3785,3857,3859,3827,3859,3885,3838,3974
22:01:09,4091,3947,3709,3637,3501,3419,3433,3438,3354,3387,3397,3583,3587,3518,3413,3273,3253,3183,3219,3147,3380,3260,3347,3340,3457,3341,3245,3379,3567,3551,3521,3795,3793,3757,3477,3703,3724,3612,3588,3654,3788,3876,3909,3999,2953,3915,3713,3962,3863,3768,3880,3741,3770,3704,3918,3757,3859,3839,3419,3285,3252,3146,3073,3093,3099,3091,3055,3063,3237,3156,3108,3085,3036,2927,2893,2871,2823,3020,2983,3105,3086,3130,3043,2965,3135,3191,3189,3149,3391,3385,3359,3149,3354,3337,3201,3295,3305,3525,3585,3555,3569,2684,3545,3406,3636,3543,3439,3409,3335,3369,3413,3469,3371,3447,3692,3257,3130,3047,2969,2911,2905,2895,2862,2861,2857,2985,2999,2924,2847,2831,2807,2711,2712,2681,2775,2773,2882,2823,2875,2875,2741,2849,3132,2975,3099,3329,3352,3338,3073,3145,3129,2999,3043,3099,3268,3199,3341,3383,2573,3247,3145,3320,3217,3193,3179,3167,3142,3121,3234,3184,3167,3655,3347,3205,3175,3063,2982,2975,3003,3032,2990,2949,3229,3167,3128,2981,2851,2869,2767,2807,2757,2939,2865,2974,2893,2964,2927,2787,2929,3169,3013,3188,3395,3447,3473,3047,3167,3230,3095,3067,3248,3349,3247,3388,3400,2603,3317,3205,3453,3330,3236,3289,3217,3307,3241,3363,3227,3252,3529,3289,3200,3074,3017,2956,2989,2985,2929,2941,2929,3101,3114,2993,3017,2891,2948,2784,2811,2777,2955,2989,2891,2923,3051,3031,2813,2933,3100,3057,3075,3355,3273,3283,3073,3171,3173,3057,3144,3274,3330,3251,3329,3427,2633,3337,3181,3399,3321,3197,3222,3193,3217,3252,3307,3167,3227,1713,1710,1681,1577,1569,1536,1540,1550,1533,1524,1539,1587,1610,1565,1531,1504,1517,1491,1497,1453,1513,1491,1543,1519,1578,1541,1530,1548,1638,1634,1513,1645,1641,1612,1579,1613,1608,1628,1653,1657,1706,1677,1719,1723,1431,1716,1709,1722,1701,1693,1683,1674,1661,1670,1712,1685,1688,3256,3009,2858,2747,2735,2665,2663,2854,2645,2623,2624,2791,2747,2689,2633,2549,2541,2503,2485,2449,2574,2561,2605,2624,2669,2633,2505,2615,2864,2760,2768,2989,3043,2961,2747,2878,2899,2791,2761,2888,2971,2993,2977,2995,2336,3006,2899,3109,3006,2927,2939,2888,2909,2989,2981,2923,2913,3117,3059,2761,2691,2651,2605,2577,2589,2565,2551,2545,2695,2655,2625,2519,2447,2441,2457,2411,2367,2467,2431,2495,2501,2561,2549,2424,2516,2719,2637,2649,2867,2875,2851,2639,2772,2761,2644,2771,2798,2823,2817,2949,2911,2259,2907,2813,2944,2858,2811,2807,2808,2853,2763,2854,2801,2859,3475,2960,2797,2787,2729,2666,2668,2719,2673,2653,2655,2792,2797,2741,2647,2581,2592,2527,2553,2493,2597,2565,2619,2620,2674,2665,2548,2649,2761,2725,2685,2871,2871,2879,2810,2857,2881,2739,2810,2872,2933,2930,2962,3069,2376,2981,2937,3062,2999,2955,2917,2952,2959,2978,3017,2879,2911,2771,2635,2508,2456,2489,2355,2444,2366,2326,2373,2332,2471,2461,2369,2332,2252,2266,2200,2209,2179,2259,2243,2287,2295,2338,2340,2237,2325,2393,2391,2325,2521,2493,2461,2435,2518,2524,2474,2474,2511,2630,2577,2714,2697,2115,2648,2557,2683,2615,2583,2643,2551,2562,2568,2627,2530,2567,1843,1770,1725,1703,1690,1653,1646,1656,1613,1649,1652,1695,1687,1698,1637,1594,1595,1579,1582,1553,1606,1599,1623,1621,1668,1658,1590,1645,1692,1674,1595,1732,1723,1713,1687,1745,1771,1731,1746,1781,1811,1825,1826,1855,1513,1825,1813,1843,1836,1794,1793,1777,1787,1766,1815,1779,1805,2023,1951,1885,1835,1835,1807,1805,1933,1909,1921,1851,1968,1912,1871,1860,1790,1788,1752,1755,1733,1797,1786,1847,1849,1869,1860,1782,1857,1927,1881,1809,1939,1934,1935,1895,1948,1986,1911,1939,1965,2049,2019,2089,2089,1686,2060,1998,2070,2048,2036,2039,2013,2015,2015,2068,1999,2043,2048,1983,1966,1913,1865,1835,1835,1862,1887,1907,1931,1964,1941,1903,1894,1865,1860,1793,1811,1776,1845,1818,1862,1851,1878,1881,1807,1878,1934,1921,1825,1959,1955,1951,1947,1949,1977,2034,1944,1987,2027,2028,2089,2080,1729,2080,2032,2119,2095,2089,2057,2026,2041,2060,2117,2038,2060,2069,1955,1893,1881,1878,1808,1851,1843,1879,1821,1849,1956,1951,1859,1822,1771,1765,1735,1751,1708,1782,1755,1795,1791,1825,1824,1741,1827,1873,1868,1776,1922,1927,1917,1857,1908,1937,1885,1912,1938,2052,2017,2050,2073,1658,2021,1973,2047,2039,2051,2019,2010,1993,1990,2067,1974,2017,2925,2733,2609,2562,2515,2481,2471,2497,2539,2518,2485,2902,2575,2539,2456,2402,2378,2327,2331,2301,2385,2401,2404,2417,2481,2490,2389,2455,2518,2488,2433,2609,2608,2591,2513,2586,2623,2533,2580,2765,2729,2833,2895,2855,2198,2765,2687,2820,2815,2690,2757,2833,2728,2669,2793,2641,2713,2719,2611,2419,2401,2370,2269,2332,2337,2307,2252,2315,2402,2407,2413,2275,2189,2177,2144,2161,2120,2198,2219,2250,2221,2271,2278,2155,2256,2335,2327,2225,2387,2397,2365,2297,2375,2417,2329,2390,2463,2495,2471,2577,2617,2026,2523,2491,2640,2565,2483,2544,2647,2560,2472,2542,2460,2517,1946,1898,1860,1801,1796,1746,1757,1783,1767,1757,1760,1827,1805,1785,1765,1719,1703,1689,1688,1667,1713,1702,1733,1741,1771,1798,1721,1773,1833,1791,1710,1835,1832,1829,1821,1881,1873,1873,1875,1884,1926,1931,2012,2004,1633,1951,1915,2020,1980,1949,1941,1922,1932,1923,1983,1903,1957,2639,2487,2405,2330,2317,2295,2248,2283,2253,2247,2257,2395,2293,2331,2239,2163,2160,2119,2147,2111,2167,2153,2221,2194,2246,2281,2145,2241,2321,2270,2213,2391,2379,2362,2332,2365,2373,2350,2397,2423,2485,2454,2675,2541,2012,2537,2423,2569,2546,2453,2470,2423,2461,2436,2497,2438,2540,1935,1836,1807,1795,1820,1720,1746,1753,1731,1713,1743,1826,1773,1737,1727,1666,1659,1647,1647,1620,1689,1673,1690,1692,1727,1733,1662,1724,1776,1752,1662,1785,1789,1779,1768,1813,1845,1801,1784,1831,1875,1881,1952,1997,1593,1916,1866,1930,1986,1926,1887,1875,1885,1888,1926,1869,1945,1957,1885,1838,1829,1813,1761,1808,1798,1805,1805,1815,1924,1909,1869,1817,1760,1754,1735,1753,1710,1762,1749,1793,1790,1823,1837,1744,1802,1844,1827,1743,1860,1857,1862,1837,1869,1870,1847,1870,1925,1991,1979,1996,2031,1673,2025,1979,2049,2041,1982,1996,1980,1969,1945,2046,1977,2039,2013,1923,1862,1823,1809,1785,1803,1834,1787,1765,1774,1841,1805,1795,1773,1722,1708,1676,1684,1666,1721,1709,1751,1755,1783,1773,1709,1781,1802,1781,1710,1840,1834,1837,1812,1852,1888,1869,1839,1917,1970,1963,1991,2015,1621,2021,1968,2077,2023,1965,2017,1982,1959,1951,1988,1926,1995,2984,2813,2698,2677,2648,2579,2647,2600,2560,2560,2561,2691,2665,2715,2551,2485,2456,2404,2415,2367,2459,2455,2493,2489,2560,2553,2429,2537,2610,2575,2553,2770,2741,2718,2609,2749,2753,2727,2668,2711,2861,2877,2917,3063,2265,3025,2843,3003,2881,2839,2837,2798,2874,2813,2901,2795,2875,2621,2407,2314,2290,2307,2234,2236,2231,2229,2183,2207,2285,2247,2239,2199,2126,2117,2090,2093,2069,2138,2119,2153,2153,2223,2197,2119,2187,2261,2240,2165,2321,2317,2313,2249,2363,2369,2291,2313,2350,2419,2528,2499,2515,1998,2491,2416,2545,2473,2419,2430,2404,2423,2419,2498,2411,2471,3393,3221,3052,2983,2996,2903,2899,2881,2866,2847,2851,2989,2947,2933,2832,2800,2780,2719,2711,2678,2766,2747,2817,2836,2885,2857,2735,2837,2920,2888,2855,3055,3045,3037,2911,3028,3067,2986,3003,3084,3195,3203,3335,3320,2557,3291,3151,3377,3223,3102,3165,3177,3193,3109,3246,3133,3223,2307,2181,2139,2143,2091,2037,2062,2065,2063,2039,2038,2113,2080,2095,2035,1999,1974,1947,1973,1939,2009,1987,2022,2027,2056,2053,1987,2035,2114,2070,1993,2143,2131,2109,2074,2116,2137,2116,2121,2207,2280,2325,2314,2317,1899,2323,2249,2320,2347,2305,2289,2250,2239,2249,2306,2239,2371,3733,3539,3442,3337,3279,3223,3233,3249,3215,3196,3213,3339,3305,3280,3155,3073,3075,3005,3029,2971,3090,3079,3136,3138,3225,3269,3059,3161,3287,3269,3208,3437,3405,3388,3246,3445,3443,3297,3303,3479,3557,3609,3725,3760,2833,3774,3616,3725,3841,3698,3805,3559,3511,3525,3685,3508,3606,3639,3413,3283,3201,3165,3107,3145,3120,3157,3104,3060,3220,3146,3199,3054,2990,2947,2905,2899,2851,2963,2943,3017,3023,3148,3087,2935,3057,3167,3095,3091,3325,3294,3276,3164,3267,3293,3175,3214,3238,3455,3415,3541,3684,2710,3536,3563,3633,3620,3523,3481,3423,3427,3411,3519,3427,3537,2971,2801,2726,2636,2634,2575,2597,2637,2587,2537,2554,2683,2621,2617,2525,2473,2453,2402,2435,2373,2475,2450,2493,2498,2564,2551,2481,2621,2633,2585,2525,2719,2702,2683,2597,2709,2703,2635,2639,2749,2820,2835,3002,3033,2278,2928,2887,2995,2927,2895,2897,2852,2820,2936,2934,2817,2895,4045,3779,3725,3563,3595,3475,3509,3533,3499,3493,3437,3695,3553,3533,3393,3272,3279,3207,3241,3187,3293,3285,3348,3449,3497,3433,3292,3387,3499,3480,3487,3747,3733,3711,3489,3681,3694,3545,3589,3667,3859,3949,3995,4045,2991,4067,3781,4089,4021,3885,3921,3785,3837,3804,4007,3765,3891,4091,4090,4061,4058,4030,3814,3939,3899,3806,3821,3928,3986,3911,3833,3709,3587,3570,3519,3537,3459,3612,3590,3729,3699,3848,3819,3573,3771,3901,3851,3853,4089,4089,4089,3809,4072,4089,3883,3919,3985,4090,4091,4091,4091,3265,4091,4091,4090,4091,4090,4091,4089,4091,4090,4091,4089,4089,4091,4091,4090,4007,3909,3821,3863,3750,3761,3712,3759,3893,3785,3798,3625,3571,3569,3509,3469,3415,3526,3525,3635,3615,3675,3747,3491,3725,3828,3757,3763,4045,4027,3983,3769,3987,4026,3818,3802,3928,4077,4090,4091,4090,3191,4091,4090,4091,4089,4089,4089,4089,4089,4065,4091,4059,4091,4091,4091,3885,3737,3674,3601,3651,3779,3546,3556,3562,3798,3726,3608,3575,3389,3400,3329,3329,3247,3385,3355,3513,3456,3555,3533,3337,3536,3638,3575,3629,3931,3874,3856,3650,3801,3849,3662,3664,3771,3910,3953,4029,4089,3074,4051,3827,3986,3903,3857,3913,3932,3912,3929,3969,3899,4045
22:01:18,4089,4061,3829,3780,3640,3545,3583,3561,3488,3499,3519,3753,3717,3663,3535,3399,3373,3311,3353,3269,3489,3388,3460,3454,3583,3491,3383,3526,3695,3665,3639,3912,3915,3871,3593,3831,3861,3730,3709,3761,3911,3994,4027,4091,3055,4030,3807,4063,3954,3888,3971,3839,3883,3797,4039,3843,3963,3926,3534,3393,3395,3286,3196,3229,3220,3204,3159,3191,3361,3263,3266,3195,3146,3035,3001,2993,2935,3126,3097,3201,3189,3225,3159,3069,3249,3301,3289,3243,3489,3480,3455,3252,3467,3459,3311,3409,3397,3625,3705,3675,3686,2783,3657,3497,3736,3639,3545,3507,3437,3496,3497,3571,3459,3554,3794,3371,3235,3174,3093,3047,3043,3029,2989,2985,2996,3127,3123,3091,2976,2965,2918,2830,2825,2793,2877,2885,2989,2922,2989,2997,2863,2949,3233,3063,3175,3399,3426,3411,3149,3232,3227,3087,3135,3183,3357,3298,3433,3484,2666,3345,3218,3403,3297,3293,3275,3251,3247,3201,3335,3263,3261,3737,3446,3293,3287,3178,3079,3077,3108,3133,3085,3059,3331,3251,3253,3069,2954,2957,2868,2903,2847,3031,2963,3067,2986,3067,3037,2895,3042,3295,3107,3257,3472,3521,3543,3137,3269,3335,3191,3163,3335,3451,3355,3487,3502,2687,3423,3291,3548,3429,3339,3391,3313,3423,3331,3473,3328,3357,3600,3383,3295,3181,3105,3061,3047,3080,3018,3019,3024,3189,3187,3099,3097,2977,3017,2861,2888,2852,3019,3053,2959,2995,3115,3116,2889,3018,3189,3135,3131,3425,3335,3347,3132,3235,3243,3128,3212,3323,3391,3327,3393,3495,2694,3409,3255,3468,3395,3267,3293,3255,3307,3313,3391,3233,3291,1787,1794,1756,1667,1651,1618,1615,1628,1607,1601,1619,1666,1673,1648,1604,1576,1587,1560,1569,1526,1581,1559,1603,1588,1631,1617,1605,1623,1710,1699,1570,1702,1697,1668,1639,1679,1675,1694,1721,1718,1767,1747,1792,1787,1487,1783,1773,1787,1766,1760,1745,1735,1730,1731,1782,1751,1755,3357,3109,2957,2854,2832,2762,2765,2970,2765,2729,2763,2905,2844,2807,2740,2657,2662,2613,2617,2573,2682,2672,2719,2743,2783,2761,2624,2734,2978,2874,2871,3100,3147,3056,2853,2990,3019,2907,2875,2995,3083,3121,3103,3123,2448,3128,2991,3210,3123,3043,3061,3002,3034,3097,3102,3028,3019,3193,3131,2835,2773,2719,2668,2652,2675,2652,2625,2625,2777,2716,2719,2587,2526,2517,2531,2485,2449,2535,2501,2575,2575,2636,2633,2507,2599,2793,2701,2714,2937,2941,2915,2707,2841,2841,2717,2832,2856,2907,2899,3027,2996,2334,2983,2897,3017,2925,2876,2887,2885,2925,2833,2937,2857,2921,3562,3065,2907,2887,2826,2757,2790,2824,2796,2769,2756,2883,2875,2835,2733,2665,2681,2621,2648,2581,2681,2649,2709,2713,2769,2771,2656,2757,2866,2813,2775,2970,2963,2955,2894,2953,2980,2865,2923,2993,3045,3057,3080,3193,2491,3105,3055,3196,3111,3065,3039,3074,3083,3094,3145,2989,3020,2860,2727,2610,2553,2589,2449,2540,2468,2443,2485,2440,2577,2557,2479,2438,2353,2379,2310,2315,2275,2358,2337,2386,2387,2436,2435,2342,2427,2497,2485,2421,2631,2594,2565,2536,2625,2636,2593,2579,2618,2731,2680,2815,2805,2205,2753,2657,2794,2719,2685,2747,2659,2669,2671,2749,2623,2661,1938,1871,1823,1803,1802,1766,1757,1763,1725,1755,1767,1797,1793,1791,1741,1695,1697,1685,1679,1654,1705,1691,1719,1720,1767,1756,1692,1746,1803,1778,1699,1843,1831,1821,1801,1858,1879,1845,1863,1896,1923,1937,1943,1975,1613,1943,1925,1955,1950,1898,1905,1890,1902,1877,1946,1889,1928,2129,2046,1980,1937,1927,1883,1905,2033,1991,2003,1945,2048,1979,1957,1937,1863,1870,1829,1837,1808,1877,1855,1917,1922,1942,1935,1863,1939,2009,1951,1878,2019,2011,2011,1977,2028,2065,1997,2025,2048,2122,2104,2173,2181,1765,2143,2067,2149,2121,2130,2124,2107,2099,2087,2155,2070,2117,2197,2124,2091,2055,2013,1965,1977,2011,2015,2027,2045,2067,2045,2014,1999,1967,1961,1893,1917,1873,1941,1907,1957,1953,1983,1979,1919,1989,2059,2041,1939,2077,2074,2069,2067,2073,2089,2162,2057,2110,2149,2155,2212,2206,1840,2201,2144,2246,2212,2195,2176,2145,2163,2183,2247,2167,2195,2091,1981,1928,1909,1931,1833,1893,1889,1905,1868,1898,1984,1967,1898,1859,1803,1803,1767,1796,1747,1828,1793,1836,1839,1862,1859,1779,1859,1917,1898,1807,1944,1945,1939,1897,1951,1976,1933,1951,1977,2095,2063,2095,2124,1705,2067,2012,2085,2066,2103,2065,2061,2035,2022,2112,2013,2063,3007,2832,2685,2648,2611,2558,2565,2585,2613,2619,2563,2974,2668,2645,2537,2485,2469,2410,2423,2389,2475,2485,2502,2519,2573,2587,2482,2555,2636,2580,2527,2710,2701,2686,2600,2683,2725,2657,2667,2850,2833,2947,2981,2956,2283,2868,2785,2929,2913,2791,2851,2933,2824,2763,2909,2733,2815,2809,2703,2508,2484,2468,2345,2456,2417,2393,2343,2387,2491,2503,2505,2345,2257,2253,2213,2237,2192,2262,2281,2316,2297,2347,2354,2229,2330,2434,2400,2305,2472,2476,2447,2380,2464,2504,2420,2464,2541,2593,2565,2671,2707,2108,2609,2571,2729,2649,2569,2629,2731,2655,2560,2657,2554,2613,2013,1969,1915,1859,1859,1808,1827,1841,1830,1819,1827,1898,1872,1868,1828,1789,1772,1755,1763,1739,1776,1758,1795,1801,1833,1851,1773,1827,1889,1838,1756,1883,1881,1872,1873,1931,1920,1921,1901,1917,1974,1976,2046,2053,1688,2002,1967,2079,2031,1999,1987,1965,1978,1969,2043,1958,2015,2705,2556,2467,2418,2412,2348,2321,2360,2317,2331,2316,2480,2381,2435,2316,2240,2233,2190,2223,2179,2233,2219,2295,2278,2324,2351,2213,2304,2401,2339,2269,2448,2431,2404,2381,2431,2441,2426,2461,2479,2551,2514,2743,2610,2077,2611,2485,2635,2603,2520,2536,2493,2536,2505,2579,2513,2608,1988,1897,1855,1851,1865,1767,1797,1798,1778,1781,1797,1891,1845,1811,1773,1716,1709,1689,1693,1667,1725,1717,1736,1736,1765,1766,1693,1759,1819,1779,1691,1819,1820,1806,1803,1853,1885,1851,1819,1861,1916,1913,1988,2029,1628,1959,1905,1980,2038,1977,1929,1921,1937,1943,1983,1911,1989,2034,1974,1920,1909,1895,1842,1876,1869,1887,1872,1879,2003,1999,1949,1876,1830,1824,1807,1826,1778,1831,1817,1859,1865,1895,1899,1814,1875,1919,1892,1807,1929,1929,1924,1898,1938,1940,1924,1935,1990,2074,2052,2068,2109,1748,2082,2034,2116,2095,2026,2041,2021,2015,1989,2105,2027,2085,2043,1974,1906,1875,1873,1830,1860,1885,1836,1833,1844,1915,1881,1868,1839,1789,1775,1750,1760,1737,1794,1773,1815,1823,1843,1837,1770,1835,1871,1835,1759,1900,1883,1883,1865,1909,1942,1929,1899,1981,2027,2021,2043,2068,1677,2082,2019,2137,2072,2017,2073,2053,2026,2021,2077,2008,2080,3071,2909,2791,2791,2763,2685,2740,2687,2653,2691,2656,2822,2777,2777,2644,2585,2550,2492,2512,2456,2545,2537,2585,2583,2649,2640,2511,2615,2715,2655,2629,2855,2811,2790,2694,2837,2843,2823,2759,2799,2959,2969,3013,3162,2361,3115,2924,3107,2978,2945,2936,2900,2972,2919,3020,2897,2983,2652,2459,2369,2356,2382,2308,2301,2286,2296,2267,2267,2361,2328,2313,2265,2195,2181,2153,2166,2138,2201,2187,2233,2229,2294,2268,2189,2257,2336,2305,2219,2372,2371,2357,2303,2416,2421,2349,2367,2407,2480,2588,2554,2572,2057,2539,2464,2608,2537,2471,2482,2462,2474,2469,2566,2469,2527,3499,3321,3155,3095,3127,3013,3017,2998,2992,2979,2950,3109,3077,3047,2929,2905,2879,2816,2814,2780,2860,2839,2911,2939,2984,2962,2822,2925,3027,2981,2941,3137,3135,3113,2999,3128,3165,3095,3097,3181,3293,3307,3433,3427,2652,3388,3249,3475,3317,3197,3259,3275,3279,3201,3358,3221,3311,2469,2304,2274,2285,2237,2168,2190,2187,2182,2173,2153,2239,2212,2225,2155,2107,2090,2064,2095,2054,2127,2105,2142,2149,2180,2186,2100,2149,2249,2188,2115,2260,2251,2227,2191,2249,2258,2227,2231,2317,2394,2430,2420,2431,1998,2431,2353,2439,2459,2412,2397,2367,2352,2356,2435,2350,2483,3823,3611,3527,3435,3396,3323,3327,3349,3319,3307,3311,3448,3420,3387,3243,3159,3157,3087,3119,3057,3175,3146,3220,3223,3308,3352,3129,3239,3374,3347,3275,3505,3477,3449,3333,3541,3537,3387,3385,3559,3640,3708,3797,3841,2919,3853,3697,3814,3921,3771,3887,3648,3591,3605,3783,3598,3705,3733,3486,3361,3292,3269,3192,3232,3199,3251,3213,3149,3305,3257,3288,3138,3069,3025,2987,2984,2924,3037,3009,3096,3097,3224,3165,3006,3131,3257,3174,3163,3396,3368,3339,3241,3363,3387,3258,3291,3325,3541,3498,3611,3755,2791,3615,3631,3715,3694,3585,3563,3509,3501,3483,3613,3509,3615,3044,2863,2795,2715,2729,2641,2673,2708,2669,2641,2625,2759,2714,2693,2595,2545,2517,2472,2511,2436,2543,2510,2561,2569,2642,2627,2537,2676,2715,2651,2584,2777,2762,2737,2661,2779,2767,2696,2700,2821,2883,2896,3061,3103,2345,2993,2962,3070,2991,2947,2966,2911,2877,2998,3011,2879,2966,4089,3867,3807,3671,3717,3573,3611,3641,3606,3621,3523,3783,3677,3641,3481,3365,3375,3299,3343,3278,3387,3367,3454,3538,3604,3533,3365,3470,3597,3561,3559,3821,3801,3775,3570,3779,3785,3627,3664,3761,3947,4025,4063,4089,3078,4090,3858,4089,4091,3949,4005,3871,3913,3883,4091,3848,3977,4091,4091,4090,4090,4090,3917,4041,3975,3921,3935,3997,4065,4037,3939,3795,3662,3656,3593,3634,3539,3697,3671,3813,3782,3942,3920,3641,3833,3995,3925,3912,4091,4091,4091,3882,4090,4091,3955,3995,4073,4090,4089,4091,4091,3341,4091,4091,4091,4091,4091,4091,4090,4091,4089,4091,4089,4091,4091,4090,4091,4091,4052,3929,3979,3853,3877,3839,3836,3979,3903,3902,3717,3652,3654,3587,3559,3503,3613,3601,3716,3695,3769,3837,3559,3786,3905,3828,3827,4091,4089,4045,3837,4055,4087,3887,3874,4013,4089,4091,4090,4091,3262,4089,4091,4091,4091,4091,4089,4089,4090,4089,4091,4090,4091,4089,4089,3959,3833,3801,3706,3747,3869,3653,3659,3629,3867,3831,3711,3651,3445,3475,3395,3411,3323,3457,3421,3586,3533,3645,3615,3403,3602,3725,3641,3693,3999,3935,3912,3717,3871,3923,3741,3734,3848,3989,4019,4081,4089,3151,4090,3903,4068,3981,3914,3975,4008,3965,3987,4039,3963,4089
22:01:28,4089,4090,3907,3884,3791,3655,3699,3665,3602,3627,3611,3847,3833,3769,3630,3481,3461,3395,3441,3353,3577,3464,3555,3549,3671,3577,3451,3601,3781,3741,3713,3999,3993,3945,3665,3915,3947,3827,3797,3847,4003,4086,4089,4090,3137,4089,3897,4090,4042,3957,4066,3930,3967,3875,4091,3935,4063,4003,3601,3466,3473,3399,3275,3313,3293,3301,3258,3259,3437,3363,3343,3270,3202,3107,3071,3068,3005,3203,3155,3263,3267,3295,3229,3123,3303,3363,3346,3297,3548,3527,3501,3305,3531,3515,3379,3473,3469,3695,3769,3725,3739,2845,3715,3561,3813,3709,3592,3567,3509,3551,3559,3633,3527,3619,3883,3447,3297,3253,3199,3100,3107,3087,3063,3063,3041,3189,3189,3149,3023,3003,2976,2879,2885,2849,2935,2951,3055,3001,3057,3061,2911,3007,3286,3121,3228,3458,3483,3461,3195,3292,3283,3151,3194,3243,3423,3357,3487,3539,2713,3396,3272,3463,3357,3339,3321,3351,3313,3265,3399,3327,3331,3817,3519,3365,3357,3282,3159,3172,3171,3227,3177,3121,3409,3341,3323,3125,3007,3023,2920,2957,2901,3081,3019,3127,3055,3124,3092,2935,3086,3330,3155,3297,3518,3557,3581,3182,3323,3387,3250,3219,3387,3520,3411,3537,3551,2731,3466,3337,3601,3481,3391,3441,3379,3473,3377,3513,3365,3407,3695,3459,3359,3255,3209,3132,3161,3145,3113,3106,3087,3277,3276,3165,3152,3033,3084,2925,2957,2913,3083,3123,3025,3063,3167,3181,2943,3076,3259,3190,3199,3488,3400,3411,3194,3314,3319,3206,3285,3395,3479,3397,3466,3573,2757,3490,3329,3557,3471,3339,3366,3351,3383,3391,3460,3309,3371,1829,1835,1787,1697,1698,1657,1663,1664,1663,1648,1655,1713,1729,1686,1637,1614,1625,1595,1610,1561,1619,1595,1639,1629,1669,1659,1638,1667,1761,1741,1611,1755,1745,1719,1690,1733,1728,1753,1769,1767,1831,1809,1853,1852,1539,1844,1835,1852,1832,1821,1803,1805,1791,1799,1840,1809,1810,3409,3157,3003,2899,2901,2819,2835,3014,2827,2793,2799,2962,2925,2868,2783,2697,2705,2653,2655,2611,2720,2707,2756,2795,2825,2813,2659,2777,3024,2915,2913,3150,3191,3102,2888,3043,3069,2957,2927,3033,3138,3176,3149,3165,2493,3177,3037,3267,3167,3101,3108,3062,3083,3157,3154,3089,3081,3253,3193,2899,2833,2821,2742,2733,2736,2733,2710,2681,2855,2807,2799,2655,2598,2584,2595,2551,2504,2597,2561,2633,2642,2699,2701,2556,2655,2840,2753,2765,2993,2991,2965,2757,2899,2895,2779,2885,2895,2966,2955,3079,3040,2377,3032,2933,3073,2981,2929,2933,2949,2987,2891,2993,2911,2989,3631,3122,2969,2957,2920,2823,2857,2883,2865,2833,2813,2957,2959,2912,2792,2723,2735,2666,2701,2627,2725,2697,2756,2771,2819,2832,2701,2803,2916,2856,2818,3017,3011,2998,2937,3009,3035,2914,2983,3026,3111,3105,3129,3234,2531,3143,3103,3247,3160,3115,3075,3126,3139,3145,3189,3039,3077,2980,2830,2714,2667,2729,2565,2644,2563,2544,2593,2536,2705,2683,2589,2531,2451,2476,2399,2415,2372,2443,2431,2483,2488,2525,2533,2425,2519,2595,2571,2503,2717,2674,2644,2614,2713,2717,2675,2653,2694,2828,2771,2896,2891,2278,2838,2735,2879,2800,2773,2830,2747,2749,2755,2815,2702,2746,2039,1966,1916,1884,1905,1841,1846,1835,1805,1831,1836,1887,1892,1873,1801,1757,1751,1735,1742,1712,1758,1751,1777,1778,1827,1827,1751,1809,1863,1839,1757,1897,1887,1876,1853,1917,1937,1896,1913,1953,1991,1995,1997,2028,1664,2004,1979,2009,2012,1953,1958,1949,1959,1932,1991,1942,1986,2214,2125,2053,2008,2011,1969,1986,2091,2077,2078,2004,2134,2074,2033,2010,1936,1935,1890,1901,1868,1925,1909,1977,1981,1987,1987,1909,1983,2061,2010,1927,2076,2065,2062,2035,2091,2123,2055,2073,2092,2182,2165,2232,2245,1820,2207,2132,2217,2183,2183,2183,2164,2163,2150,2213,2141,2185,2319,2248,2225,2166,2143,2084,2088,2115,2141,2152,2158,2211,2167,2119,2101,2076,2060,1994,2017,1969,2040,2017,2076,2063,2091,2085,2004,2069,2131,2119,2013,2161,2152,2148,2143,2159,2176,2239,2137,2196,2239,2240,2293,2290,1906,2285,2227,2331,2293,2286,2257,2231,2247,2263,2310,2239,2271,2207,2101,2041,2023,2056,1937,1984,1975,2009,1963,1975,2105,2097,1991,1939,1893,1891,1851,1877,1822,1896,1868,1913,1910,1928,1949,1854,1934,1986,1973,1876,2016,2019,2010,1967,2023,2043,2001,2015,2043,2164,2137,2161,2187,1759,2135,2078,2160,2154,2179,2141,2139,2115,2104,2193,2094,2144,3159,2983,2833,2872,2794,2739,2738,2746,2801,2795,2718,3173,2848,2788,2677,2627,2605,2541,2551,2512,2602,2618,2635,2639,2697,2715,2595,2682,2751,2703,2649,2843,2833,2812,2720,2823,2864,2785,2795,2969,2966,3084,3097,3089,2386,2991,2905,3061,3033,2918,2973,3069,2961,2905,3037,2857,2943,2912,2813,2612,2593,2574,2449,2551,2517,2504,2444,2477,2597,2601,2587,2421,2341,2334,2289,2307,2262,2331,2355,2397,2364,2412,2429,2293,2399,2507,2491,2380,2553,2555,2526,2454,2550,2591,2495,2535,2617,2669,2643,2741,2781,2163,2681,2642,2799,2717,2639,2708,2791,2727,2637,2719,2619,2689,2065,2013,1967,1910,1927,1867,1880,1903,1897,1893,1885,1962,1942,1919,1889,1847,1825,1809,1813,1788,1833,1823,1858,1858,1888,1917,1832,1887,1953,1908,1823,1951,1951,1943,1938,2011,2007,1996,1989,2004,2058,2065,2131,2138,1754,2085,2051,2161,2120,2087,2079,2065,2063,2059,2123,2033,2093,2785,2636,2563,2489,2492,2437,2403,2433,2407,2415,2389,2573,2461,2502,2381,2301,2297,2251,2281,2234,2287,2278,2361,2331,2378,2415,2267,2371,2465,2405,2336,2525,2509,2486,2445,2507,2511,2491,2527,2540,2619,2587,2806,2683,2133,2683,2557,2707,2675,2593,2617,2575,2605,2577,2641,2576,2684,2066,1961,1914,1906,1925,1825,1856,1857,1849,1846,1857,1964,1919,1863,1834,1779,1769,1755,1759,1733,1793,1793,1813,1803,1831,1849,1762,1835,1899,1869,1774,1904,1906,1890,1877,1937,1959,1915,1889,1935,1995,1993,2063,2106,1690,2026,1980,2057,2105,2041,2000,1993,2001,2003,2037,1980,2049,2097,2023,1968,1945,1945,1885,1931,1914,1927,1928,1917,2047,2017,1981,1915,1867,1858,1837,1851,1809,1864,1854,1900,1893,1930,1951,1857,1917,1975,1945,1855,1978,1979,1978,1958,2001,2001,1975,1993,2047,2114,2099,2110,2145,1784,2128,2083,2172,2150,2078,2101,2088,2077,2043,2147,2077,2139,2117,2025,1983,1939,1940,1899,1911,1931,1893,1887,1880,1971,1929,1909,1884,1842,1828,1789,1803,1775,1831,1813,1862,1859,1883,1884,1808,1869,1917,1887,1807,1947,1933,1931,1905,1958,1990,1968,1945,2020,2079,2068,2083,2117,1719,2119,2062,2179,2120,2070,2113,2079,2067,2064,2102,2041,2105,3145,2967,2869,2851,2841,2747,2791,2737,2700,2747,2703,2897,2837,2846,2691,2627,2603,2543,2557,2499,2588,2584,2643,2629,2689,2686,2547,2651,2764,2704,2675,2905,2871,2851,2737,2887,2893,2863,2807,2854,3004,3026,3063,3213,2401,3169,2970,3155,3031,2997,2996,2963,3031,2977,3062,2935,3033,2733,2527,2437,2421,2450,2370,2353,2335,2352,2333,2321,2430,2387,2368,2315,2249,2239,2215,2216,2189,2243,2239,2281,2269,2341,2321,2228,2300,2383,2349,2271,2426,2433,2417,2354,2473,2478,2409,2419,2460,2536,2647,2605,2622,2102,2588,2525,2655,2588,2530,2542,2522,2533,2531,2617,2527,2579,3590,3403,3251,3173,3215,3095,3077,3053,3061,3043,3011,3189,3151,3109,3000,2968,2944,2889,2872,2838,2912,2901,2979,2997,3035,3025,2875,2976,3089,3039,3007,3203,3201,3185,3058,3195,3231,3148,3142,3233,3358,3367,3493,3491,2697,3444,3314,3539,3387,3261,3325,3349,3348,3269,3413,3277,3370,2541,2369,2352,2358,2314,2231,2242,2251,2249,2247,2222,2318,2285,2302,2227,2182,2166,2136,2165,2121,2189,2165,2213,2213,2238,2251,2160,2212,2321,2259,2185,2339,2333,2314,2264,2332,2340,2307,2303,2392,2473,2511,2500,2517,2061,2511,2432,2522,2534,2480,2465,2436,2423,2429,2493,2412,2537,3877,3665,3590,3483,3451,3373,3360,3383,3355,3352,3335,3500,3457,3420,3289,3207,3196,3131,3157,3088,3199,3191,3259,3255,3333,3397,3163,3260,3407,3377,3312,3543,3519,3494,3357,3589,3581,3421,3403,3589,3677,3721,3828,3872,2947,3880,3739,3850,3965,3807,3925,3693,3631,3647,3803,3627,3719,3781,3537,3419,3339,3314,3248,3267,3245,3297,3262,3191,3379,3315,3344,3191,3132,3081,3049,3036,2973,3075,3063,3154,3146,3259,3221,3053,3167,3309,3221,3215,3453,3427,3397,3279,3409,3431,3309,3332,3365,3586,3547,3656,3791,2831,3655,3678,3755,3739,3633,3609,3561,3551,3523,3639,3547,3641,3113,2926,2856,2773,2783,2718,2718,2747,2716,2689,2669,2827,2771,2747,2648,2603,2576,2527,2562,2480,2583,2567,2616,2615,2682,2673,2583,2719,2759,2697,2637,2835,2822,2795,2711,2836,2828,2759,2745,2865,2941,2951,3109,3147,2388,3037,3005,3120,3045,2998,3028,2971,2937,3051,3049,2931,3008,4089,3885,3841,3694,3737,3612,3621,3651,3617,3636,3535,3833,3701,3665,3507,3398,3401,3329,3366,3292,3392,3395,3479,3557,3601,3561,3380,3475,3621,3576,3583,3843,3833,3803,3581,3803,3813,3647,3679,3777,3965,4039,4082,4091,3096,4090,3877,4090,4090,3977,4039,3901,3939,3911,4089,3867,3997,4091,4090,4089,4091,4091,3961,4054,3998,3940,3964,4015,4090,4065,3969,3829,3707,3700,3638,3671,3565,3711,3711,3853,3806,3951,3941,3661,3845,4023,3947,3943,4091,4091,4091,3911,4089,4091,3985,4024,4089,4089,4091,4091,4091,3365,4089,4091,4091,4091,4091,4091,4089,4089,4090,4091,4091,4091,4091,4091,4091,4090,4072,3961,3999,3867,3907,3873,3845,4045,3937,3920,3747,3697,3693,3627,3589,3526,3627,3644,3762,3723,3787,3871,3588,3799,3941,3856,3862,4089,4091,4089,3871,4090,4089,3928,3907,4053,4091,4089,4090,4090,3303,4090,4090,4091,4090,4090,4089,4091,4091,4091,4090,4091,4091,4091,4091,4005,3877,3817,3743,3761,3883,3673,3698,3651,3935,3865,3728,3693,3509,3527,3455,3461,3359,3496,3476,3637,3566,3669,3659,3435,3619,3771,3679,3727,4037,3977,3953,3759,3911,3961,3783,3770,3883,4023,4051,4090,4090,3185,4091,3935,4089,4023,3961,4029,4057,4021,4029,4075,4003,4091
22:01:37,4089,4089,3961,3932,3819,3699,3727,3701,3649,3683,3639,3903,3873,3778,3673,3535,3521,3451,3483,3397,3605,3519,3608,3587,3705,3617,3503,3637,3829,3783,3761,4041,4041,3991,3711,3969,3996,3877,3855,3901,4053,4091,4090,4091,3189,4091,3947,4091,4091,4013,4091,3997,4027,3934,4090,3979,4090,4075,3662,3535,3538,3445,3319,3371,3347,3360,3325,3305,3517,3415,3374,3335,3271,3167,3142,3127,3066,3259,3222,3343,3319,3355,3289,3196,3357,3426,3404,3359,3613,3595,3569,3369,3599,3583,3443,3541,3531,3753,3821,3790,3797,2911,3768,3625,3865,3769,3668,3631,3595,3621,3621,3691,3585,3679,3951,3514,3369,3321,3260,3171,3176,3153,3149,3140,3105,3275,3261,3201,3097,3079,3045,2959,2949,2915,2999,3021,3123,3057,3109,3128,2991,3062,3353,3189,3286,3519,3544,3519,3261,3359,3347,3215,3254,3311,3481,3421,3543,3595,2777,3452,3345,3525,3427,3405,3391,3410,3369,3329,3450,3383,3385,3861,3553,3413,3414,3318,3201,3205,3218,3275,3237,3167,3476,3383,3353,3177,3072,3071,2985,3013,2953,3147,3090,3194,3103,3157,3141,2993,3123,3386,3207,3345,3567,3607,3625,3231,3385,3443,3309,3273,3443,3571,3467,3592,3601,2795,3521,3400,3657,3538,3437,3496,3435,3532,3435,3557,3415,3459,3743,3495,3419,3319,3253,3180,3199,3194,3162,3177,3133,3340,3326,3214,3211,3097,3137,2986,3014,2965,3125,3176,3083,3105,3199,3231,3001,3117,3311,3237,3231,3517,3429,3437,3223,3349,3353,3245,3317,3431,3511,3435,3505,3605,2801,3529,3371,3589,3513,3381,3417,3385,3427,3432,3502,3356,3413,1916,1908,1864,1780,1766,1728,1730,1729,1736,1730,1729,1797,1801,1755,1709,1685,1695,1668,1681,1631,1688,1671,1723,1693,1757,1733,1711,1739,1834,1811,1681,1820,1817,1785,1751,1805,1797,1819,1826,1841,1895,1881,1922,1917,1603,1913,1900,1916,1897,1887,1869,1866,1859,1864,1911,1875,1877,3483,3225,3075,2989,2973,2893,2895,3075,2891,2869,2867,3048,2989,2927,2860,2775,2776,2729,2723,2682,2783,2785,2831,2855,2886,2877,2722,2829,3091,2974,2972,3209,3249,3159,2941,3104,3129,3022,2998,3103,3213,3243,3225,3233,2561,3247,3106,3347,3247,3179,3186,3137,3161,3227,3235,3167,3159,3325,3251,2971,2929,2877,2818,2794,2794,2789,2780,2752,2939,2869,2847,2720,2667,2639,2653,2613,2566,2655,2637,2703,2698,2755,2769,2623,2709,2913,2810,2825,3052,3054,3029,2817,2971,2963,2848,2959,2972,3042,3038,3153,3119,2452,3106,3017,3151,3065,3005,3009,3023,3057,2961,3066,2989,3063,3627,3147,3000,2989,2933,2851,2873,2889,2881,2865,2837,2993,2971,2917,2813,2753,2757,2701,2721,2654,2751,2734,2781,2791,2831,2852,2720,2805,2932,2863,2826,3024,3021,3007,2949,3024,3045,2932,2984,3039,3127,3117,3145,3233,2554,3153,3123,3263,3179,3132,3093,3143,3154,3166,3209,3053,3090,3042,2889,2777,2729,2787,2619,2697,2612,2601,2657,2594,2771,2736,2643,2597,2520,2542,2468,2473,2427,2502,2497,2542,2539,2577,2591,2489,2564,2649,2623,2556,2769,2729,2699,2668,2785,2779,2737,2707,2757,2887,2839,2967,2946,2343,2901,2807,2945,2877,2837,2891,2809,2819,2824,2877,2767,2835,2057,1986,1936,1908,1925,1873,1869,1853,1825,1859,1857,1914,1912,1905,1840,1802,1789,1770,1771,1743,1787,1785,1804,1802,1844,1847,1779,1829,1897,1865,1780,1924,1909,1894,1871,1940,1955,1923,1941,1980,2015,2026,2035,2066,1702,2036,2018,2053,2053,1992,1994,1985,2004,1971,2031,1975,2020,2237,2149,2079,2041,2037,1981,2007,2115,2079,2101,2013,2150,2089,2048,2025,1961,1954,1913,1921,1890,1950,1949,2002,2005,2010,2021,1939,2010,2090,2028,1949,2095,2087,2085,2051,2113,2141,2080,2107,2122,2207,2187,2257,2252,1842,2221,2156,2231,2205,2209,2204,2186,2184,2169,2230,2153,2201,2311,2240,2221,2171,2135,2078,2093,2103,2138,2166,2157,2201,2166,2121,2105,2085,2063,2005,2029,1977,2039,2025,2073,2055,2084,2087,2014,2075,2147,2129,2022,2169,2175,2159,2153,2174,2189,2259,2155,2207,2254,2257,2312,2297,1921,2293,2241,2343,2305,2298,2262,2245,2266,2277,2333,2256,2289,2264,2141,2086,2071,2090,1983,2013,2011,2055,2014,2033,2160,2135,2040,1994,1943,1937,1897,1923,1866,1944,1923,1957,1955,1972,1991,1900,1977,2035,2014,1923,2067,2073,2055,2003,2069,2086,2052,2059,2088,2217,2187,2215,2237,1807,2197,2135,2211,2204,2228,2181,2189,2161,2150,2237,2138,2183,3195,3015,2873,2869,2796,2735,2733,2741,2789,2792,2713,3175,2852,2793,2685,2653,2614,2559,2560,2525,2609,2633,2639,2641,2701,2731,2613,2679,2767,2708,2659,2849,2845,2826,2719,2829,2862,2795,2801,2983,2985,3101,3122,3100,2410,3011,2925,3061,3037,2919,2967,3075,2969,2911,3039,2853,2933,2915,2812,2633,2607,2603,2480,2571,2521,2507,2462,2497,2635,2617,2600,2453,2368,2357,2323,2335,2291,2363,2393,2428,2393,2437,2452,2332,2423,2537,2511,2398,2573,2577,2548,2474,2573,2605,2523,2571,2637,2685,2667,2765,2791,2185,2706,2659,2821,2745,2665,2720,2815,2764,2655,2746,2632,2701,2111,2074,2013,1965,1973,1913,1917,1935,1927,1921,1911,1999,1981,1955,1924,1884,1860,1849,1847,1826,1867,1859,1894,1891,1914,1943,1864,1914,1989,1935,1851,1981,1976,1971,1956,2035,2018,2018,2010,2026,2081,2089,2171,2163,1772,2109,2069,2191,2151,2111,2101,2093,2101,2082,2154,2055,2119,2779,2641,2561,2498,2495,2437,2403,2429,2402,2410,2385,2562,2461,2501,2390,2321,2307,2265,2295,2254,2307,2301,2379,2341,2387,2430,2291,2375,2485,2422,2348,2538,2519,2498,2457,2521,2526,2513,2557,2571,2639,2616,2838,2708,2153,2709,2585,2739,2704,2619,2630,2594,2643,2601,2679,2598,2694,2065,1977,1924,1926,1929,1835,1855,1845,1843,1845,1851,1941,1913,1863,1839,1789,1773,1756,1761,1729,1791,1791,1813,1801,1832,1845,1767,1825,1893,1856,1761,1889,1892,1883,1867,1928,1940,1907,1891,1933,1993,1987,2051,2073,1687,2022,1971,2046,2099,2023,1984,1982,1998,1998,2037,1977,2045,2151,2085,2033,2020,2019,1957,1996,1969,1991,1994,1979,2100,2083,2043,1977,1935,1915,1897,1915,1871,1924,1908,1955,1953,1975,1996,1907,1971,2017,1989,1901,2019,2015,2017,1985,2031,2033,2009,2025,2092,2155,2139,2149,2176,1817,2168,2125,2215,2205,2128,2141,2131,2131,2095,2207,2129,2191,2187,2109,2048,2013,1994,1966,1975,1993,1955,1951,1934,2031,1996,1971,1951,1905,1880,1845,1855,1826,1884,1873,1918,1917,1941,1939,1865,1939,1983,1953,1869,2005,2002,2003,1965,2030,2061,2033,2009,2083,2143,2136,2149,2184,1769,2181,2113,2238,2173,2125,2167,2127,2115,2106,2151,2083,2139,3163,2981,2884,2873,2821,2757,2813,2739,2717,2770,2721,2916,2853,2878,2741,2664,2634,2577,2584,2535,2619,2619,2665,2657,2723,2721,2596,2687,2794,2741,2712,2935,2911,2881,2763,2935,2933,2905,2856,2903,3045,3075,3109,3249,2438,3204,3023,3201,3080,3047,3029,3004,3077,3023,3118,2983,3074,2717,2529,2438,2437,2437,2383,2376,2347,2362,2357,2336,2449,2401,2369,2345,2282,2263,2240,2246,2225,2280,2280,2310,2298,2367,2349,2257,2329,2409,2380,2294,2451,2457,2441,2377,2495,2499,2419,2441,2481,2556,2659,2617,2636,2117,2600,2531,2657,2598,2533,2539,2523,2545,2537,2627,2530,2582,3623,3437,3282,3219,3244,3137,3129,3092,3097,3103,3059,3229,3196,3147,3053,3025,2989,2933,2919,2897,2966,2964,3031,3042,3093,3075,2929,3030,3141,3100,3055,3255,3256,3239,3111,3253,3285,3205,3204,3298,3419,3423,3556,3527,2743,3495,3365,3589,3440,3313,3367,3393,3407,3314,3461,3322,3409,2603,2416,2399,2408,2359,2284,2301,2302,2297,2317,2279,2377,2345,2347,2291,2258,2231,2207,2226,2195,2255,2237,2277,2274,2302,2311,2225,2279,2382,2325,2245,2400,2395,2377,2323,2403,2403,2371,2376,2466,2540,2579,2563,2576,2120,2568,2493,2576,2592,2541,2519,2495,2488,2489,2557,2477,2603,3923,3700,3633,3546,3492,3421,3415,3431,3400,3423,3394,3563,3516,3465,3355,3268,3261,3181,3210,3157,3263,3250,3325,3312,3391,3449,3227,3318,3473,3446,3363,3597,3575,3549,3392,3644,3631,3476,3469,3655,3731,3783,3893,3929,3002,3945,3793,3905,4026,3873,3975,3749,3697,3701,3865,3684,3773,3823,3579,3461,3391,3367,3293,3339,3291,3350,3327,3237,3421,3351,3369,3242,3187,3135,3089,3078,3037,3133,3117,3207,3189,3308,3273,3113,3221,3371,3279,3257,3499,3467,3443,3317,3465,3481,3357,3387,3425,3635,3603,3716,3845,2879,3711,3725,3799,3807,3695,3662,3623,3627,3592,3711,3607,3703,3151,2965,2892,2817,2809,2765,2762,2791,2751,2737,2710,2870,2797,2765,2686,2641,2611,2560,2602,2535,2634,2612,2660,2654,2717,2716,2638,2765,2797,2737,2663,2857,2849,2826,2728,2861,2851,2782,2777,2896,2968,2977,3143,3174,2415,3055,3029,3143,3073,3026,3047,3005,2969,3079,3095,2962,3034,4090,3929,3885,3746,3779,3657,3658,3701,3659,3687,3571,3876,3751,3704,3565,3451,3453,3375,3401,3349,3443,3445,3519,3600,3629,3599,3434,3525,3669,3628,3619,3887,3870,3847,3613,3845,3851,3691,3737,3837,4007,4079,4091,4090,3133,4091,3918,4091,4089,4019,4069,3949,3997,3961,4090,3919,4040,4089,4091,4091,4090,4090,4001,4071,4045,3949,4011,4051,4091,4085,3983,3874,3743,3731,3671,3687,3609,3745,3741,3880,3835,3985,3983,3707,3898,4060,3989,3972,4091,4090,4091,3929,4089,4089,4016,4055,4089,4091,4090,4091,4091,3396,4091,4090,4090,4089,4091,4091,4090,4091,4089,4091,4091,4091,4091,4091,4091,4091,4087,4034,4003,3911,3913,3916,3877,4063,3962,3946,3789,3733,3721,3652,3611,3565,3659,3674,3777,3751,3821,3907,3621,3837,3975,3893,3887,4091,4089,4089,3885,4091,4090,3951,3933,4085,4091,4090,4091,4091,3319,4091,4091,4090,4091,4090,4091,4090,4091,4089,4090,4090,4089,4091,4091,4005,3881,3827,3763,3765,3891,3673,3725,3659,3935,3869,3741,3711,3519,3525,3459,3462,3377,3491,3471,3635,3575,3685,3665,3453,3629,3785,3693,3727,4037,3981,3957,3750,3913,3959,3780,3790,3902,4031,4065,4091,4091,3197,4089,3955,4089,4043,3979,4043,4089,4053,4049,4090,4025,4091
22:01:46,4090,4091,4015,3989,3877,3753,3766,3751,3679,3734,3696,3939,3903,3833,3741,3589,3561,3501,3529,3451,3653,3567,3640,3639,3761,3667,3545,3688,3883,3835,3803,4087,4089,4033,3741,4001,4019,3904,3892,3947,4082,4091,4090,4090,3216,4089,3993,4089,4091,4059,4091,4055,4079,3977,4091,4023,4091,4089,3702,3573,3582,3479,3375,3396,3373,3372,3360,3347,3533,3431,3407,3383,3311,3199,3176,3160,3103,3282,3254,3359,3361,3396,3327,3232,3401,3467,3449,3401,3659,3647,3615,3398,3641,3625,3483,3591,3585,3795,3857,3839,3855,2939,3821,3673,3903,3819,3718,3677,3657,3717,3687,3761,3639,3721,3987,3539,3397,3357,3282,3197,3191,3163,3145,3153,3131,3287,3273,3220,3138,3113,3062,2985,2975,2940,3019,3043,3139,3084,3144,3148,3009,3091,3374,3217,3309,3547,3573,3549,3278,3383,3373,3243,3292,3352,3510,3450,3579,3640,2795,3491,3377,3557,3461,3435,3421,3455,3414,3363,3496,3421,3413,3885,3569,3437,3437,3327,3215,3209,3223,3263,3246,3170,3470,3381,3369,3205,3087,3083,3002,3024,2973,3155,3099,3197,3118,3187,3154,3011,3144,3407,3228,3362,3587,3629,3650,3247,3391,3451,3323,3293,3475,3589,3480,3607,3619,2800,3539,3413,3667,3551,3462,3514,3470,3564,3459,3591,3433,3473,3769,3520,3429,3332,3263,3191,3197,3186,3147,3177,3143,3330,3318,3209,3232,3113,3151,3001,3019,2978,3137,3147,3087,3117,3225,3236,3017,3129,3323,3251,3242,3527,3446,3454,3237,3357,3353,3263,3341,3462,3515,3449,3518,3625,2808,3548,3387,3595,3528,3394,3423,3413,3455,3456,3527,3378,3431,1987,1979,1937,1838,1822,1783,1790,1785,1791,1786,1786,1848,1857,1811,1771,1742,1749,1725,1734,1689,1745,1721,1775,1753,1814,1791,1762,1795,1889,1871,1736,1877,1877,1843,1808,1858,1850,1877,1894,1893,1949,1930,1977,1975,1641,1975,1954,1972,1955,1943,1926,1938,1927,1925,1980,1941,1940,3533,3271,3122,3029,3011,2931,2935,3125,2927,2909,2901,3068,3019,2956,2909,2820,2804,2773,2756,2724,2821,2811,2866,2889,2937,2917,2775,2877,3129,3015,3007,3248,3289,3197,2975,3131,3157,3057,3039,3142,3237,3275,3265,3273,2588,3289,3146,3370,3283,3215,3227,3189,3205,3269,3276,3206,3187,3405,3311,3032,2991,2945,2871,2853,2851,2845,2847,2806,2983,2929,2901,2795,2729,2700,2719,2667,2631,2714,2685,2750,2757,2831,2830,2685,2769,2969,2874,2885,3116,3121,3091,2876,3029,3020,2904,3025,3033,3107,3081,3207,3177,2489,3171,3065,3197,3113,3057,3065,3089,3131,3015,3133,3045,3121,3705,3199,3043,3035,2981,2890,2913,2934,2919,2922,2884,3015,3018,2955,2875,2803,2797,2745,2765,2702,2795,2770,2825,2836,2895,2899,2777,2858,2994,2921,2878,3083,3084,3065,2999,3074,3094,2975,3043,3107,3175,3169,3205,3295,2595,3223,3179,3315,3235,3183,3153,3211,3225,3226,3289,3117,3145,3073,2915,2811,2772,2813,2654,2724,2641,2624,2693,2624,2787,2758,2660,2628,2548,2559,2493,2497,2459,2531,2519,2565,2571,2623,2623,2528,2597,2684,2663,2589,2802,2764,2731,2694,2801,2799,2753,2739,2796,2919,2857,2997,2983,2365,2940,2839,2973,2899,2854,2922,2849,2857,2853,2921,2797,2849,2092,2011,1964,1943,1936,1905,1890,1881,1843,1894,1888,1933,1934,1905,1862,1820,1805,1803,1798,1775,1819,1807,1826,1828,1880,1868,1801,1851,1917,1886,1801,1947,1932,1918,1895,1962,1975,1941,1961,2002,2031,2041,2059,2083,1717,2060,2034,2064,2074,2009,2019,2015,2027,1994,2053,1996,2037,2241,2158,2091,2057,2055,2008,2037,2135,2107,2136,2053,2157,2101,2053,2056,1977,1964,1927,1933,1907,1971,1957,2013,2018,2035,2035,1961,2033,2118,2046,1965,2117,2109,2101,2069,2132,2162,2097,2133,2152,2224,2210,2276,2277,1860,2244,2177,2255,2225,2231,2233,2213,2217,2203,2267,2181,2233,2315,2246,2223,2167,2135,2089,2088,2104,2121,2163,2151,2217,2161,2109,2110,2085,2063,2010,2023,1986,2049,2024,2072,2066,2100,2098,2022,2083,2156,2135,2027,2173,2173,2157,2154,2174,2185,2257,2162,2206,2251,2256,2313,2308,1927,2306,2252,2337,2301,2294,2265,2248,2267,2279,2330,2259,2281,2208,2097,2043,2041,2049,1955,1981,1977,2013,1979,1995,2095,2087,1987,1964,1911,1893,1870,1901,1846,1902,1887,1927,1932,1965,1968,1882,1954,2012,1990,1891,2035,2037,2019,1973,2031,2052,2021,2039,2064,2191,2153,2177,2214,1785,2171,2111,2180,2173,2195,2146,2157,2139,2115,2205,2103,2143,3201,3009,2866,2901,2814,2769,2752,2769,2819,2819,2751,3185,2854,2807,2726,2672,2637,2591,2589,2557,2642,2655,2667,2681,2755,2768,2659,2723,2821,2755,2696,2895,2893,2873,2765,2873,2906,2841,2856,3027,3026,3129,3163,3144,2440,3055,2971,3115,3101,2980,3033,3137,3033,2977,3109,2919,2995,2969,2869,2673,2659,2637,2514,2620,2573,2534,2510,2541,2652,2651,2627,2505,2413,2388,2359,2369,2334,2400,2427,2461,2433,2495,2493,2369,2461,2573,2553,2429,2609,2615,2578,2497,2604,2635,2551,2615,2678,2725,2701,2807,2843,2223,2751,2701,2861,2785,2703,2760,2855,2803,2687,2771,2675,2733,2150,2119,2067,2013,2031,1964,1967,1980,1967,1975,1948,2045,2033,1999,1975,1934,1913,1894,1901,1875,1913,1907,1936,1945,1975,1991,1916,1965,2042,1988,1901,2039,2037,2022,2015,2082,2067,2063,2060,2087,2141,2147,2218,2216,1825,2173,2137,2248,2198,2156,2152,2147,2149,2129,2193,2108,2165,2915,2751,2670,2615,2607,2545,2506,2531,2501,2536,2495,2687,2561,2596,2495,2425,2412,2370,2395,2361,2406,2400,2473,2451,2516,2539,2399,2485,2585,2525,2455,2649,2631,2604,2557,2625,2628,2599,2666,2671,2738,2715,2939,2813,2239,2815,2682,2833,2800,2715,2726,2705,2741,2690,2768,2699,2791,2071,1965,1926,1920,1919,1828,1857,1855,1834,1850,1862,1955,1907,1861,1841,1794,1780,1763,1761,1737,1791,1792,1807,1803,1839,1846,1770,1831,1890,1859,1760,1892,1894,1875,1867,1923,1944,1915,1891,1935,1983,1984,2057,2077,1689,2022,1975,2048,2094,2016,1989,1998,2015,2006,2035,1981,2043,2200,2123,2073,2072,2057,1992,2024,2005,2010,2039,2009,2130,2107,2066,2007,1965,1941,1929,1939,1900,1951,1937,1981,1979,2015,2022,1937,1995,2044,2013,1924,2059,2053,2051,2025,2070,2070,2050,2069,2131,2181,2175,2189,2213,1849,2213,2165,2247,2235,2167,2187,2187,2179,2137,2247,2170,2225,2253,2162,2101,2065,2046,2002,2020,2037,2001,2009,1986,2075,2030,2019,1999,1953,1927,1893,1903,1880,1927,1918,1962,1965,2002,1991,1921,1983,2033,1999,1920,2071,2057,2055,2010,2077,2106,2076,2057,2136,2191,2187,2202,2239,1814,2249,2172,2289,2221,2175,2227,2197,2184,2168,2214,2143,2208,3227,3039,2943,2937,2923,2847,2891,2839,2811,2857,2793,2982,2917,2910,2799,2742,2714,2649,2658,2602,2677,2686,2735,2724,2809,2790,2673,2753,2871,2807,2777,3010,2970,2944,2825,2993,2996,2955,2909,2954,3094,3125,3160,3293,2472,3247,3071,3245,3125,3095,3083,3068,3139,3073,3171,3039,3125,2804,2605,2511,2512,2524,2459,2443,2423,2432,2432,2399,2509,2460,2436,2407,2338,2313,2295,2295,2277,2329,2328,2356,2349,2429,2403,2311,2381,2465,2429,2347,2513,2512,2495,2431,2551,2557,2475,2502,2541,2620,2723,2679,2695,2167,2673,2604,2725,2659,2598,2619,2600,2616,2601,2695,2598,2655,3675,3491,3329,3255,3301,3181,3159,3133,3137,3146,3089,3257,3223,3179,3086,3063,3019,2967,2948,2927,2993,2986,3047,3067,3130,3105,2963,3064,3166,3119,3075,3283,3277,3253,3129,3268,3304,3211,3224,3313,3432,3441,3575,3554,2762,3524,3395,3619,3462,3333,3395,3425,3437,3343,3499,3364,3449,2641,2461,2447,2451,2396,2324,2333,2331,2330,2347,2300,2394,2367,2376,2316,2276,2244,2215,2239,2203,2264,2245,2282,2286,2332,2322,2246,2297,2395,2336,2255,2421,2417,2386,2339,2413,2413,2384,2389,2476,2553,2589,2569,2585,2122,2577,2505,2592,2603,2553,2540,2513,2508,2501,2568,2487,2614,3985,3773,3699,3604,3545,3485,3461,3473,3441,3485,3427,3587,3551,3507,3397,3311,3287,3223,3245,3192,3293,3284,3345,3339,3438,3487,3267,3361,3509,3480,3397,3637,3611,3579,3427,3678,3660,3503,3508,3689,3769,3827,3925,3967,3027,3981,3825,3938,4048,3897,4001,3789,3737,3736,3901,3725,3808,3861,3621,3503,3421,3396,3334,3369,3319,3393,3377,3259,3431,3369,3405,3273,3215,3156,3122,3095,3057,3147,3135,3205,3204,3337,3285,3129,3243,3385,3299,3269,3517,3485,3455,3337,3475,3493,3367,3414,3443,3660,3627,3737,3868,2900,3739,3756,3829,3825,3715,3683,3647,3650,3611,3731,3630,3726,3201,3035,2953,2868,2871,2827,2812,2843,2826,2809,2760,2907,2849,2837,2749,2699,2663,2622,2655,2591,2689,2669,2709,2706,2787,2783,2699,2817,2862,2808,2729,2932,2923,2894,2798,2935,2923,2839,2855,2969,3043,3060,3211,3251,2476,3141,3105,3220,3146,3093,3117,3073,3043,3145,3152,3024,3112,4089,3961,3915,3775,3811,3701,3705,3718,3691,3735,3605,3885,3736,3725,3581,3463,3468,3403,3419,3372,3459,3461,3531,3611,3661,3620,3459,3544,3693,3653,3633,3903,3887,3851,3633,3847,3857,3692,3751,3850,4025,4091,4091,4091,3149,4090,3941,4091,4091,4033,4084,3966,4015,3972,4090,3935,4057,4091,4090,4089,4091,4091,4057,4089,4047,3999,4055,4081,4089,4091,4023,3905,3771,3757,3705,3719,3637,3773,3769,3903,3857,4020,4027,3740,3929,4079,4023,3997,4091,4089,4091,3955,4091,4091,4031,4089,4091,4091,4091,4091,4089,3417,4091,4091,4091,4089,4091,4091,4091,4091,4091,4091,4091,4091,4091,4091,4091,4090,4090,4058,4047,3929,3965,3965,3919,4089,3987,3984,3827,3773,3750,3699,3641,3601,3687,3711,3809,3775,3859,3942,3656,3881,4003,3921,3915,4091,4089,4090,3915,4091,4091,3964,3975,4089,4091,4091,4091,4091,3347,4090,4091,4089,4090,4091,4091,4091,4090,4090,4091,4090,4091,4091,4091,4045,3923,3861,3803,3793,3915,3703,3760,3697,3959,3898,3773,3747,3561,3553,3491,3487,3400,3529,3501,3667,3597,3719,3697,3489,3663,3809,3727,3754,4063,4011,3984,3771,3950,3993,3795,3797,3919,4065,4090,4090,4091,3211,4091,3983,4089,4060,3995,4061,4091,4075,4065,4090,4042,4089
4090,4091,4090,4090,4091,4090,4091,4091,4090,4090,4091,4091,4091,4090,4091,4091,4091,4090,4090,4090,4091,4090,4091,4090,4090,4091,4091,4091,4091,4091,4091,4090,4091,4089,4091,4091,4090,4091,4090,4090,4090,4090,4091,4090,4089,4090,4091,4090,4091,4091,4091,4091,4091,4090,4090,4091,4091,4091,4091,4091,4090,4090,4090,4090,4091,4091,4091,4090,4090,4091,4090,4091,4091,4091,4090,4089,4090,4091,4090,4090,4090,4091,4090,4090,4090,4091,4091,4090,4090,4091,4091,4091,4091,4091,4091,4091,4091,4091,4090,4090,4090,3917,4091,4091,4090,4091,4091,4090,4090,4091,4091,4090,4091,4091,4090,4090,4090,4089,4090,4091,4090,4090,4090,4090,4090,4090,4091,4090,4090,4090,4031,3961,3949,3918,4042,4031,4090,4031,4089,4085,4034,4083,4090,4085,4076,4090,4091,4090,4090,4091,4090,4090,4090,4090,4091,4091,4091,4091,3623,4090,4091,4090,4090,4090,4089,4091,4090,4090,4090,4090,4090,4090,4090,4091,4091,4090,4090,4091,4091,4090,4091,4091,4091,4090,4090,4091,4090,4090,4091,4090,4090,4090,4089,4090,4091,4091,4090,4091,4091,4091,4090,4091,4091,4090,4091,4091,4091,4091,4091,4090,4091,4091,4090,4090,4089,3837,4090,4091,4090,4091,4091,4090,4090,4090,4090,4090,4090,4090,4091,4091,4090,4091,4090,4091,4090,4091,4091,4091,4090,4090,4091,4090,4091,4090,4091,4090,4090,4090,4091,4091,4090,4090,4090,4090,4090,4090,4090,4091,4090,4090,4091,4090,4090,4091,4090,4090,4090,4091,4089,4090,4090,4091,3843,4090,4091,4091,4090,4090,4091,4090,4091,4091,4090,4090,4091,2806,2796,2736,2619,2671,2702,2644,2666,2722,2702,2675,2754,2783,2737,2684,2634,2601,2557,2562,2506,2591,2541,2651,2568,2656,2622,2614,2642,2729,2644,2466,2651,2669,2627,2607,2692,2672,2678,2716,2740,2782,2734,2822,2785,2365,2793,2752,2793,2753,2761,2754,2759,2740,2722,2819,2780,2740,4091,4090,4089,4089,4090,4090,4089,4090,4090,4090,4090,4090,4090,4091,4091,4082,4021,3988,3963,3905,4072,4021,4090,4068,4090,4087,4013,4088,4089,4090,4026,4090,4090,4090,4086,4091,4090,4090,4090,4091,4091,4090,4090,4091,3614,4091,4090,4091,4091,4091,4090,4091,4090,4090,4090,4090,4090,4090,4091,4091,4090,4090,4090,4090,4090,4090,4090,4091,4090,4091,4090,4090,4090,4070,4072,4059,4012,4089,4061,4090,4086,4090,4090,4090,4090,4090,4090,4090,4090,4090,4089,4090,4090,4091,4090,4090,4090,4089,4091,4090,4091,3686,4091,4091,4091,4091,4090,4091,4090,4090,4090,4090,4090,4091,4091,4091,4091,4091,4091,4091,4091,4091,4091,4090,4091,4090,4091,4091,4090,4090,4091,4090,4091,4089,4090,4090,4090,4090,4090,4091,4090,4090,4090,4091,4090,4090,4091,4090,4091,4091,4091,4090,4091,4090,4090,4090,4090,4091,3895,4091,4091,4091,4090,4091,4091,4091,4091,4091,4091,4091,4090,4090,4091,4090,4091,4091,4089,4090,4090,4089,4090,4091,4089,4090,4090,4090,4090,4079,3972,3992,3939,4075,4018,4090,4078,4090,4090,4085,4090,4090,4088,4022,4090,4090,4090,4090,4091,4091,4090,4090,4090,4090,4091,4090,4091,3665,4090,4089,4090,4090,4091,4090,4091,4090,4090,4090,4090,4090,3314,3214,3130,3065,3141,3133,3090,3079,3080,3114,3117,3196,3231,3183,3145,3042,2975,2939,2982,2899,3036,2959,3051,2979,3080,3048,2985,3049,3107,3013,2865,3063,3081,3049,3031,3148,3151,3075,3162,3197,3217,3243,3281,3247,2720,3228,3208,3266,3241,3209,3214,3222,3189,3143,3249,3191,3231,3549,3452,3322,3262,3324,3330,3280,3359,3381,3409,3346,3493,3455,3410,3417,3242,3176,3118,3138,3089,3211,3154,3317,3203,3281,3238,3196,3272,3352,3230,3082,3293,3317,3295,3260,3365,3357,3282,3355,3380,3496,3416,3552,3480,2899,3484,3394,3493,3442,3463,3490,3443,3448,3439,3517,3412,3440,3656,3553,3463,3391,3429,3442,3373,3420,3458,3489,3499,3552,3557,3490,3484,3410,3290,3235,3286,3215,3351,3265,3414,3307,3386,3367,3287,3374,3418,3354,3198,3411,3438,3401,3366,3446,3449,3455,3443,3509,3521,3492,3622,3573,3009,3582,3543,3653,3569,3598,3580,3529,3583,3537,3665,3538,3558,3589,3451,3355,3320,3394,3354,3332,3351,3386,3373,3393,3533,3557,3417,3378,3288,3223,3169,3208,3130,3245,3200,3320,3227,3297,3279,3216,3302,3349,3259,3123,3335,3354,3330,3257,3395,3421,3321,3391,3412,3509,3474,3568,3570,2934,3529,3432,3524,3480,3508,3520,3509,3468,3454,3588,3500,3499,4090,4089,4091,4088,4090,4090,4088,4089,4090,4090,4090,4090,4090,4090,4090,4082,3958,3915,3905,3864,4007,3983,4076,3993,4091,4084,4013,4086,4090,4031,3902,4091,4089,4091,4055,4090,4091,4089,4090,4090,4090,4090,4090,4091,3580,4091,4090,4091,4090,4091,4090,4090,4090,4090,4091,4090,4091,4090,4091,4045,3970,4070,4023,4068,4032,4036,3985,4017,4090,4091,4090,4023,3869,3765,3717,3753,3705,3817,3822,3983,3799,3910,3883,3790,3911,3988,3920,3715,3955,3990,3944,3868,4028,4046,3910,4028,4088,4090,4065,4090,4090,3421,4090,4090,4090,4089,4090,4089,4090,4091,4081,4090,4089,4089,3228,3177,3078,2996,3080,3058,3005,3041,3048,3064,3036,3136,3152,3125,3105,3002,2917,2897,2900,2868,2952,2908,3001,2937,3018,3009,2954,3027,3071,2982,2824,3011,3020,3007,2990,3091,3083,3047,3140,3119,3156,3141,3257,3240,2713,3178,3128,3270,3198,3211,3188,3176,3181,3143,3239,3185,3237,4090,4089,3964,3837,3909,3965,3823,3881,3861,3901,3882,4038,3996,4015,3928,3773,3691,3626,3673,3631,3720,3670,3828,3707,3801,3828,3716,3823,3890,3770,3620,3873,3883,3852,3793,3922,3904,3824,3949,3953,4001,3957,4091,4073,3337,4080,3937,4089,4052,3977,4023,3993,4026,3957,4080,4024,4075,3326,3230,3135,3085,3167,3125,3092,3097,3102,3108,3153,3238,3233,3173,3148,3042,2976,2964,2945,2916,3039,2998,3067,2983,3056,3067,2984,3090,3117,3032,2869,3059,3078,3066,3051,3131,3134,3067,3113,3159,3189,3168,3290,3293,2731,3239,3175,3261,3307,3231,3229,3233,3235,3199,3297,3205,3244,3121,3059,2946,2913,2951,2937,2923,2917,2950,2967,2956,3050,3135,3029,2996,2890,2819,2807,2817,2777,2866,2816,2921,2885,2964,2912,2840,2908,2958,2900,2735,2914,2943,2922,2885,2965,2946,2904,2978,3022,3089,3043,3094,3098,2624,3084,3032,3122,3116,3061,3120,3077,3042,2999,3130,3048,3102,3323,3204,3141,3048,3109,3124,3076,3121,3101,3100,3090,3194,3180,3144,3150,3044,2957,2907,2937,2895,2994,2961,3087,3038,3066,3034,3034,3073,3085,3002,2861,3053,3076,3063,3039,3118,3125,3072,3121,3191,3216,3191,3268,3269,2723,3279,3181,3312,3246,3213,3293,3260,3255,3186,3269,3189,3219,4090,4090,4090,4089,4090,4090,4091,4090,4089,4091,4089,4091,4090,4090,4090,4090,3997,3928,3956,3899,4032,4001,4089,4015,4091,4087,4040,4090,4090,4072,3972,4090,4090,4091,4084,4090,4090,4090,4090,4091,4090,4090,4090,4091,3607,4090,4091,4090,4090,4089,4091,4091,4091,4090,4091,4090,4090,3870,3731,3566,3525,3634,3629,3545,3540,3562,3555,3550,3693,3683,3624,3594,3473,3376,3350,3356,3353,3439,3419,3493,3400,3515,3478,3469,3578,3565,3453,3313,3537,3555,3535,3463,3628,3621,3516,3610,3632,3706,3743,3767,3774,3095,3771,3651,3791,3698,3657,3712,3673,3689,3627,3761,3668,3683,4091,4091,4091,4091,4090,4090,4090,4091,4089,4090,4090,4091,4091,4091,4090,4091,4090,4089,4085,4062,4090,4090,4090,4090,4090,4091,4089,4090,4090,4089,4089,4091,4090,4090,4090,4090,4090,4091,4090,4090,4091,4090,4090,4091,3738,4091,4090,4090,4091,4091,4091,4091,4091,4091,4090,4090,4091,3244,3091,3042,3065,3059,3021,2988,3005,3024,3027,3020,3104,3102,3097,3022,2993,2896,2870,2907,2867,2986,2901,2992,2942,2985,2988,2925,2981,3065,2954,2819,3023,3032,2990,2952,3061,3043,2997,3047,3154,3153,3143,3209,3178,2694,3183,3111,3190,3180,3163,3159,3148,3128,3111,3186,3126,3195,4091,4090,4091,4091,4090,4091,4091,4091,4091,4091,4090,4091,4089,4090,4091,4091,4090,4090,4091,4090,4091,4091,4091,4090,4090,4091,4091,4090,4090,4091,4091,4090,4090,4091,4090,4091,4090,4091,4091,4091,4091,4091,4091,4091,3978,4090,4090,4090,4091,4090,4090,4091,4091,4090,4091,4090,4091,4090,4091,4091,4091,4091,4089,4091,4091,4090,4091,4091,4090,4091,4091,4090,4090,4090,4090,4090,4090,4090,4091,4091,4090,4091,4091,4090,4090,4091,4090,4089,4091,4091,4090,4090,4090,4091,4090,4091,4091,4091,4090,4091,4091,3812,4090,4091,4090,4090,4090,4090,4090,4090,4090,4090,4090,4090,4056,3948,3782,3691,3775,3828,3729,3816,3813,3772,3765,3909,3896,3859,3803,3684,3563,3503,3574,3551,3635,3582,3731,3592,3727,3677,3659,3789,3767,3659,3504,3746,3762,3735,3678,3845,3809,3696,3783,3851,3889,3878,4047,4035,3254,3966,3888,4007,3934,3932,3974,3929,3894,3937,3988,3905,3927,4091,4091,4091,4091,4090,4091,4090,4090,4090,4091,4091,4090,4091,4090,4090,4091,4091,4091,4090,4090,4090,4091,4091,4091,4090,4090,4090,4091,4091,4090,4090,4091,4091,4090,4091,4091,4091,4091,4090,4091,4091,4090,4090,4091,4071,4091,4091,4090,4091,4091,4091,4091,4090,4091,4091,4090,4091,4090,4091,4090,4090,4090,4091,4091,4090,4090,4090,4091,4091,4090,4090,4090,4090,4091,4090,4091,4091,4090,4091,4090,4090,4091,4091,4091,4090,4091,4091,4090,4090,4091,4090,4090,4090,4091,4090,4091,4091,4091,4090,4091,4091,4090,4090,4091,4091,4091,4089,4091,4091,4091,4091,4091,4091,4090,4091,4090,4091,4090,4090,4091,4091,4091,4090,4091,4091,4091,4090,4090,4090,4091,4090,4090,4091,4091,4090,4090,4091,4090,4090,4090,4090,4089,4090,4091,4090,4091,4090,4090,4091,4091,4091,4091,4090,4091,4090,4090,4090,4090,4090,4091,4090,4090,4091,4091,4090,4091,4091,4090,4091,4090,4091,4091,4091,4091,4091,4090,4090,4090,4091,4091,4091,4091,4091,4090,4090,4089,4091,4090,4091,4091,4090,4091,4090,4091,4090,4090,4090,4089,4090,4091,4091,4091,4091,4091,4090,4090,4091,4091,4090,4091,4091,4091,4091,4091,4090,4090,4091,4090,4091,4091,4090,4091,4091,4091,4090,4091,4091,4090
